<?xml version="1.0" encoding="UTF-8" ?>
<cTable name="cwt_implementationType"><description language="en-xx">Catalog Item Action Implementation Type</description><code code="Eligibility" active="1"><description language="en-xx">Eligibility</description></code><code code="Event" active="1"><description language="en-xx">Event</description></code><code code="Validation" active="1"><description language="en-xx">Validation</description></code><code code="WorkFlow" active="1"><description language="en-xx">WorkFlow</description></code></cTable>