<?xml version="1.0" encoding="UTF-8" ?>
<cTable name="cwt_wizardStepType"><description language="en-xx">Wizard Step Types</description><code code="ALL" active="1"><description language="en-xx">Parallel</description></code><code code="COMPLETE" active="1"><description language="en-xx">Complete</description></code><code code="PROCESS" active="1"><description language="en-xx">Process</description></code><code code="REPEAT" active="1"><description language="en-xx">Repeat</description></code><code code="SCRIPT" active="1"><description language="en-xx">Script</description></code><code code="SEQUENCE" active="1"><description language="en-xx">Sequence</description></code><code code="START" active="1"><description language="en-xx">Start</description></code><code code="SUBFLOW" active="1"><description language="en-xx">Subflow</description></code><code code="SWITCH" active="1"><description language="en-xx">Switch</description></code><code code="UI" active="1"><description language="en-xx">UI</description></code></cTable>