<?xml version="1.0" encoding="UTF-8" ?>
<cTable name="cwt_wizardStepSubType"><description language="en-xx">Wizard Step Sub Type</description><code code="DOCUMENT" active="1"><description language="en-xx">Document</description></code><code code="FINDER" active="1"><description language="en-xx">Finder</description></code><code code="JS" active="1"><description language="en-xx">Private JS</description></code><code code="METADATA" active="1"><description language="en-xx">Metadata</description></code><code code="ORDER" active="1"><description language="en-xx">Order</description></code><code code="RULE" active="1"><description language="en-xx">External Rule</description></code><code code="STEP" active="1"><description language="en-xx">Wizard Step</description></code></cTable>