<?xml version="1.0" encoding="UTF-8" ?>
<cTable name="cwt_orderItemAction"><description language="en-xx">Catalog Order Item Action</description><code code="ADD" active="1"><description language="en-xx">Add</description></code><code code="CHANGE" active="1"><description language="en-xx">Change</description></code><code code="DISCONNECT" active="1"><description language="en-xx">Disconnect</description></code><code code="DOWNGRADE" active="1"><description language="en-xx">Downgrade</description></code><code code="MOVE" active="1"><description language="en-xx">Move</description></code><code code="RESUME" active="1"><description language="en-xx">Resume</description></code><code code="SUSPEND" active="1"><description language="en-xx">Suspend</description></code><code code="UPGRADE" active="1"><description language="en-xx">Upgrade</description></code></cTable>