<?xml version="1.0" encoding="UTF-8" ?>
<cTable name="cwtct_BDValueLeafnames"><description language="en-xx">BusinessDates Value Leafnames</description><code code="date_1" active="1"><description language="en-xx">date_1</description></code><code code="date_2" active="1"><description language="en-xx">date_2</description></code><code code="date_3" active="1"><description language="en-xx">date_3</description></code><code code="date_4" active="1"><description language="en-xx">date_4</description></code><code code="date_5" active="1"><description language="en-xx">date_5</description></code><code code="date_6" active="1"><description language="en-xx">date_6</description></code><code code="date_7" active="1"><description language="en-xx">date_7</description></code></cTable>