<?xml version="1.0" encoding="UTF-8" ?>
<cTable name="cwtct_itemType"><description language="en-xx">cwtct_itemType</description><code code="BFS" active="1"><description language="en-xx">Billing Facing Service</description></code><code code="BPROV" active="1"><description language="en-xx">Billing Provision</description></code><code code="BusinessInteraction" active="1"><description language="en-xx">Business Interaction</description></code><code code="CFS" active="1"><description language="en-xx">Customer Facing Service</description></code><code code="COMP" active="1"><description language="en-xx">Component</description></code><code code="CharacteristicSpecification" active="1"><description language="en-xx">Characteristic Specification</description></code><code code="CustomerFacingServiceSpec" active="1"><description language="en-xx">Customer Facing Service Specification</description></code><code code="ExtendedLogicAlgorithm" active="1"><description language="en-xx">Extended Logic Algorithm</description></code><code code="ExtendedLogicAlgorithmSpec" active="1"><description language="en-xx">Extended Logic Algorithm Specification</description></code><code code="ILPROV" active="1"><description language="en-xx">IL Provision</description></code><code code="OFF" active="1"><description language="en-xx">Offer</description></code><code code="PASPEC" active="1"><description language="en-xx">Product Account Specification</description></code><code code="PROD" active="1"><description language="en-xx">Product</description></code><code code="PROOFF" active="1"><description language="en-xx">Product Offering</description></code><code code="PROSPEC" active="1"><description language="en-xx">Product Specification</description></code><code code="PriceLogicAlgorithm" active="1"><description language="en-xx">Price Logic Algorithm</description></code><code code="PriceLogicAlgorithmSpec" active="1"><description language="en-xx">Price Logic Algorithm Specification</description></code><code code="ProductAccountSpec" active="1"><description language="en-xx">Product Account Specification</description></code><code code="ProductOffering" active="1"><description language="en-xx">Product Offering</description></code><code code="ProductOfferingPrice" active="1"><description language="en-xx">Product Offering Price</description></code><code code="ProductSpecification" active="1"><description language="en-xx">Product Specification</description></code><code code="RES" active="1"><description language="en-xx">Resource</description></code><code code="RESSPEC" active="1"><description language="en-xx">Resource Specification</description></code><code code="RFS" active="1"><description language="en-xx">Resource Facing Service</description></code><code code="RecurrenceSpecification" active="1"><description language="en-xx">Recurrence Specification</description></code><code code="Request" active="1"><description language="en-xx">Request</description></code><code code="ResourceFacingServiceSpec" active="1"><description language="en-xx">Resource Facing Service Specification</description></code><code code="ResourceSpecification" active="1"><description language="en-xx">Resource Specification</description></code><code code="SERV" active="1"><description language="en-xx">Service</description></code><code code="SPCB" active="1"><description language="en-xx">Specification Base</description></code><code code="SPCI" active="1"><description language="en-xx">Specification Instance</description></code><code code="SPCT" active="1"><description language="en-xx">Specification Type</description></code><code code="SUB" active="1"><description language="en-xx">Subscription</description></code><code code="SVCSPEC" active="1"><description language="en-xx">Service Specification</description></code><code code="TE" active="1"><description language="en-xx">Tariff Element</description></code><code code="TEB" active="1"><description language="en-xx">Tariff Element Base</description></code><code code="TET" active="1"><description language="en-xx">Tariff Element Type</description></code><code code="TM" active="1"><description language="en-xx">Tariff Matrix</description></code><code code="TMB" active="1"><description language="en-xx">Tariff Matrix Base</description></code><code code="TMT" active="1"><description language="en-xx">Tariff Matrix Type</description></code><code code="WF" active="1"><description language="en-xx">Workflow</description></code></cTable>