<?xml version="1.0" encoding="UTF-8" ?>
<cTable name="cwtct_MSDimensionLeafnames"><description language="en-xx">Market Segment Dimensions Leafnames</description><code code="dimension1" active="1"><description language="en-xx">dimension1</description></code><code code="dimension2" active="1"><description language="en-xx">dimension2</description></code><code code="dimension3" active="1"><description language="en-xx">dimension3</description></code><code code="dimension4" active="1"><description language="en-xx">dimension4</description></code><code code="dimension5" active="1"><description language="en-xx">dimension5</description></code><code code="dimension6" active="1"><description language="en-xx">dimension6</description></code><code code="dimension7" active="1"><description language="en-xx">dimension7</description></code></cTable>