<?xml version="1.0" encoding="UTF-8" ?>
<cTable name="cwtct_chargeFrequency"><description language="en-xx">cwtct_chargeFrequency</description><code code="A" active="1"><description language="en-xx">Annual Charge</description></code><code code="B" active="1"><description language="en-xx">Biweekly</description></code><code code="M" active="1"><description language="en-xx">Monthly</description></code><code code="O" active="1"><description language="en-xx">One Time</description></code><code code="S" active="1"><description language="en-xx">Semi-Annual Charge</description></code></cTable>