<?xml version="1.0" encoding="UTF-8" ?>
<cTable name="cwtsr_associationType"><description language="en-xx">CWT SR Association Type</description><code code="E2ACC" active="1"><description language="en-xx">Entity to Account</description></code><code code="E2ADD" active="1"><description language="en-xx">Entity to Address</description></code><code code="O2O" active="1"><description language="en-xx">Offer to Offer</description></code><code code="O2T" active="1"><description language="en-xx">Offer to Term</description></code><code code="P2P" active="1"><description language="en-xx">Product to Product</description></code></cTable>