<?xml version="1.0" encoding="UTF-8" ?>
<cTable name="cwtsr_applicationContext"><description language="en-xx">CWT SR Application Context</description><code code="CWCATALOG" active="1"><description language="en-xx">CW - Catalog</description></code><code code="CWCUSTOMER" active="1"><description language="en-xx">CW - Customer</description></code><code code="CWEXTASSOC" active="1"><description language="en-xx">CW - External Association</description></code><code code="CWSITE" active="1"><description language="en-xx">CW - Site</description></code></cTable>