<?xml version="1.0" encoding="UTF-8" ?>
<cTable name="iso3166"><description language="en-xx">ISO 3166 Country Codes (2 Char)</description><code code="AD" active="1"><description language="en-xx">ANDORRA</description></code><code code="AE" active="1"><description language="en-xx">UNITED ARAB EMIRATES</description></code><code code="AF" active="1"><description language="en-xx">AFGHANISTAN</description></code><code code="AG" active="1"><description language="en-xx">ANTIGUA AND BARBUDA</description></code><code code="AI" active="1"><description language="en-xx">ANGUILLA</description></code><code code="AL" active="1"><description language="en-xx">ALBANIA</description></code><code code="AM" active="1"><description language="en-xx">ARMENIA</description></code><code code="AN" active="1"><description language="en-xx">NETHERLANDS ANTILLES</description></code><code code="AO" active="1"><description language="en-xx">ANGOLA</description></code><code code="AQ" active="1"><description language="en-xx">ANTARCTICA</description></code><code code="AR" active="1"><description language="en-xx">ARGENTINA</description></code><code code="AS" active="1"><description language="en-xx">AMERICAN SAMOA</description></code><code code="AT" active="1"><description language="en-xx">AUSTRIA</description></code><code code="AU" active="1"><description language="en-xx">AUSTRALIA</description></code><code code="AW" active="1"><description language="en-xx">ARUBA</description></code><code code="AX" active="1"><description language="en-xx">鐺AND ISLANDS</description></code><code code="AZ" active="1"><description language="en-xx">AZERBAIJAN</description></code><code code="BA" active="1"><description language="en-xx">BOSNIA AND HERZEGOVINA</description></code><code code="BB" active="1"><description language="en-xx">BARBADOS</description></code><code code="BD" active="1"><description language="en-xx">BANGLADESH</description></code><code code="BE" active="1"><description language="en-xx">BELGIUM</description></code><code code="BF" active="1"><description language="en-xx">BURKINA FASO</description></code><code code="BG" active="1"><description language="en-xx">BULGARIA</description></code><code code="BH" active="1"><description language="en-xx">BAHRAIN</description></code><code code="BI" active="1"><description language="en-xx">BURUNDI</description></code><code code="BJ" active="1"><description language="en-xx">BENIN</description></code><code code="BM" active="1"><description language="en-xx">BERMUDA</description></code><code code="BN" active="1"><description language="en-xx">BRUNEI DARUSSALAM</description></code><code code="BO" active="1"><description language="en-xx">BOLIVIA</description></code><code code="BR" active="1"><description language="en-xx">BRAZIL</description></code><code code="BS" active="1"><description language="en-xx">BAHAMAS</description></code><code code="BT" active="1"><description language="en-xx">BHUTAN</description></code><code code="BV" active="1"><description language="en-xx">BOUVET ISLAND</description></code><code code="BW" active="1"><description language="en-xx">BOTSWANA</description></code><code code="BY" active="1"><description language="en-xx">BELARUS</description></code><code code="BZ" active="1"><description language="en-xx">BELIZE</description></code><code code="CA" active="1"><description language="en-xx">CANADA</description></code><code code="CC" active="1"><description language="en-xx">COCOS (KEELING) ISLANDS</description></code><code code="CD" active="1"><description language="en-xx">CONGO, THE DEMOCRATIC REPUBLIC OF THE</description></code><code code="CF" active="1"><description language="en-xx">CENTRAL AFRICAN REPUBLIC</description></code><code code="CG" active="1"><description language="en-xx">CONGO</description></code><code code="CH" active="1"><description language="en-xx">SWITZERLAND</description></code><code code="CI" active="1"><description language="en-xx">C偲E D&#39;IVOIRE</description></code><code code="CK" active="1"><description language="en-xx">COOK ISLANDS</description></code><code code="CL" active="1"><description language="en-xx">CHILE</description></code><code code="CM" active="1"><description language="en-xx">CAMEROON</description></code><code code="CN" active="1"><description language="en-xx">CHINA</description></code><code code="CO" active="1"><description language="en-xx">COLOMBIA</description></code><code code="CR" active="1"><description language="en-xx">COSTA RICA</description></code><code code="CS" active="1"><description language="en-xx">SERBIA AND MONTENEGRO</description></code><code code="CU" active="1"><description language="en-xx">CUBA</description></code><code code="CV" active="1"><description language="en-xx">CAPE VERDE</description></code><code code="CX" active="1"><description language="en-xx">CHRISTMAS ISLAND</description></code><code code="CY" active="1"><description language="en-xx">CYPRUS</description></code><code code="CZ" active="1"><description language="en-xx">CZECH REPUBLIC</description></code><code code="DE" active="1"><description language="en-xx">GERMANY</description></code><code code="DJ" active="1"><description language="en-xx">DJIBOUTI</description></code><code code="DK" active="1"><description language="en-xx">DENMARK</description></code><code code="DM" active="1"><description language="en-xx">DOMINICA</description></code><code code="DO" active="1"><description language="en-xx">DOMINICAN REPUBLIC</description></code><code code="DZ" active="1"><description language="en-xx">ALGERIA</description></code><code code="EC" active="1"><description language="en-xx">ECUADOR</description></code><code code="EE" active="1"><description language="en-xx">ESTONIA</description></code><code code="EG" active="1"><description language="en-xx">EGYPT</description></code><code code="EH" active="1"><description language="en-xx">WESTERN SAHARA</description></code><code code="ER" active="1"><description language="en-xx">ERITREA</description></code><code code="ES" active="1"><description language="en-xx">SPAIN</description></code><code code="ET" active="1"><description language="en-xx">ETHIOPIA</description></code><code code="FI" active="1"><description language="en-xx">FINLAND</description></code><code code="FJ" active="1"><description language="en-xx">FIJI</description></code><code code="FK" active="1"><description language="en-xx">FALKLAND ISLANDS (MALVINAS)</description></code><code code="FM" active="1"><description language="en-xx">MICRONESIA, FEDERATED STATES OF</description></code><code code="FO" active="1"><description language="en-xx">FAROE ISLANDS</description></code><code code="FR" active="1"><description language="en-xx">FRANCE</description></code><code code="GA" active="1"><description language="en-xx">GABON</description></code><code code="GB" active="1"><description language="en-xx">UNITED KINGDOM</description></code><code code="GD" active="1"><description language="en-xx">GRENADA</description></code><code code="GE" active="1"><description language="en-xx">GEORGIA</description></code><code code="GF" active="1"><description language="en-xx">FRENCH GUIANA</description></code><code code="GH" active="1"><description language="en-xx">GHANA</description></code><code code="GI" active="1"><description language="en-xx">GIBRALTAR</description></code><code code="GL" active="1"><description language="en-xx">GREENLAND</description></code><code code="GM" active="1"><description language="en-xx">GAMBIA</description></code><code code="GN" active="1"><description language="en-xx">GUINEA</description></code><code code="GP" active="1"><description language="en-xx">GUADELOUPE</description></code><code code="GQ" active="1"><description language="en-xx">EQUATORIAL GUINEA</description></code><code code="GR" active="1"><description language="en-xx">GREECE</description></code><code code="GS" active="1"><description language="en-xx">SOUTH GEORGIA AND THE SOUTH SANDWICH ISLANDS</description></code><code code="GT" active="1"><description language="en-xx">GUATEMALA</description></code><code code="GU" active="1"><description language="en-xx">GUAM</description></code><code code="GW" active="1"><description language="en-xx">GUINEA-BISSAU</description></code><code code="GY" active="1"><description language="en-xx">GUYANA</description></code><code code="HK" active="1"><description language="en-xx">HONG KONG</description></code><code code="HM" active="1"><description language="en-xx">HEARD ISLAND AND MCDONALD ISLANDS</description></code><code code="HN" active="1"><description language="en-xx">HONDURAS</description></code><code code="HR" active="1"><description language="en-xx">CROATIA</description></code><code code="HT" active="1"><description language="en-xx">HAITI</description></code><code code="HU" active="1"><description language="en-xx">HUNGARY</description></code><code code="ID" active="1"><description language="en-xx">INDONESIA</description></code><code code="IE" active="1"><description language="en-xx">IRELAND</description></code><code code="IL" active="1"><description language="en-xx">ISRAEL</description></code><code code="IN" active="1"><description language="en-xx">INDIA</description></code><code code="IO" active="1"><description language="en-xx">BRITISH INDIAN OCEAN TERRITORY</description></code><code code="IQ" active="1"><description language="en-xx">IRAQ</description></code><code code="IR" active="1"><description language="en-xx">IRAN, ISLAMIC REPUBLIC OF</description></code><code code="IS" active="1"><description language="en-xx">ICELAND</description></code><code code="IT" active="1"><description language="en-xx">ITALY</description></code><code code="JM" active="1"><description language="en-xx">JAMAICA</description></code><code code="JO" active="1"><description language="en-xx">JORDAN</description></code><code code="JP" active="1"><description language="en-xx">JAPAN</description></code><code code="KE" active="1"><description language="en-xx">KENYA</description></code><code code="KG" active="1"><description language="en-xx">KYRGYZSTAN</description></code><code code="KH" active="1"><description language="en-xx">CAMBODIA</description></code><code code="KI" active="1"><description language="en-xx">KIRIBATI</description></code><code code="KM" active="1"><description language="en-xx">COMOROS</description></code><code code="KN" active="1"><description language="en-xx">SAINT KITTS AND NEVIS</description></code><code code="KP" active="1"><description language="en-xx">KOREA, DEMOCRATIC PEOPLE&#39;S REPUBLIC OF</description></code><code code="KR" active="1"><description language="en-xx">KOREA, REPUBLIC OF</description></code><code code="KW" active="1"><description language="en-xx">KUWAIT</description></code><code code="KY" active="1"><description language="en-xx">CAYMAN ISLANDS</description></code><code code="KZ" active="1"><description language="en-xx">KAZAKHSTAN</description></code><code code="LA" active="1"><description language="en-xx">LAO PEOPLE&#39;S DEMOCRATIC REPUBLIC</description></code><code code="LB" active="1"><description language="en-xx">LEBANON</description></code><code code="LC" active="1"><description language="en-xx">SAINT LUCIA</description></code><code code="LI" active="1"><description language="en-xx">LIECHTENSTEIN</description></code><code code="LK" active="1"><description language="en-xx">SRI LANKA</description></code><code code="LR" active="1"><description language="en-xx">LIBERIA</description></code><code code="LS" active="1"><description language="en-xx">LESOTHO</description></code><code code="LT" active="1"><description language="en-xx">LITHUANIA</description></code><code code="LU" active="1"><description language="en-xx">LUXEMBOURG</description></code><code code="LV" active="1"><description language="en-xx">LATVIA</description></code><code code="LY" active="1"><description language="en-xx">LIBYAN ARAB JAMAHIRIYA</description></code><code code="MA" active="1"><description language="en-xx">MOROCCO</description></code><code code="MC" active="1"><description language="en-xx">MONACO</description></code><code code="MD" active="1"><description language="en-xx">MOLDOVA, REPUBLIC OF</description></code><code code="MG" active="1"><description language="en-xx">MADAGASCAR</description></code><code code="MH" active="1"><description language="en-xx">MARSHALL ISLANDS</description></code><code code="MK" active="1"><description language="en-xx">MACEDONIA, THE FORMER YUGOSLAV REPUBLIC OF</description></code><code code="ML" active="1"><description language="en-xx">MALI</description></code><code code="MM" active="1"><description language="en-xx">MYANMAR</description></code><code code="MN" active="1"><description language="en-xx">MONGOLIA</description></code><code code="MO" active="1"><description language="en-xx">MACAO</description></code><code code="MP" active="1"><description language="en-xx">NORTHERN MARIANA ISLANDS</description></code><code code="MQ" active="1"><description language="en-xx">MARTINIQUE</description></code><code code="MR" active="1"><description language="en-xx">MAURITANIA</description></code><code code="MS" active="1"><description language="en-xx">MONTSERRAT</description></code><code code="MT" active="1"><description language="en-xx">MALTA</description></code><code code="MU" active="1"><description language="en-xx">MAURITIUS</description></code><code code="MV" active="1"><description language="en-xx">MALDIVES</description></code><code code="MW" active="1"><description language="en-xx">MALAWI</description></code><code code="MX" active="1"><description language="en-xx">MEXICO</description></code><code code="MY" active="1"><description language="en-xx">MALAYSIA</description></code><code code="MZ" active="1"><description language="en-xx">MOZAMBIQUE</description></code><code code="NA" active="1"><description language="en-xx">NAMIBIA</description></code><code code="NC" active="1"><description language="en-xx">NEW CALEDONIA</description></code><code code="NE" active="1"><description language="en-xx">NIGER</description></code><code code="NF" active="1"><description language="en-xx">NORFOLK ISLAND</description></code><code code="NG" active="1"><description language="en-xx">NIGERIA</description></code><code code="NI" active="1"><description language="en-xx">NICARAGUA</description></code><code code="NL" active="1"><description language="en-xx">NETHERLANDS</description></code><code code="NO" active="1"><description language="en-xx">NORWAY</description></code><code code="NP" active="1"><description language="en-xx">NEPAL</description></code><code code="NR" active="1"><description language="en-xx">NAURU</description></code><code code="NU" active="1"><description language="en-xx">NIUE</description></code><code code="NZ" active="1"><description language="en-xx">NEW ZEALAND</description></code><code code="OM" active="1"><description language="en-xx">OMAN</description></code><code code="PA" active="1"><description language="en-xx">PANAMA</description></code><code code="PE" active="1"><description language="en-xx">PERU</description></code><code code="PF" active="1"><description language="en-xx">FRENCH POLYNESIA</description></code><code code="PG" active="1"><description language="en-xx">PAPUA NEW GUINEA</description></code><code code="PH" active="1"><description language="en-xx">PHILIPPINES</description></code><code code="PK" active="1"><description language="en-xx">PAKISTAN</description></code><code code="PL" active="1"><description language="en-xx">POLAND</description></code><code code="PM" active="1"><description language="en-xx">SAINT PIERRE AND MIQUELON</description></code><code code="PN" active="1"><description language="en-xx">PITCAIRN</description></code><code code="PR" active="1"><description language="en-xx">PUERTO RICO</description></code><code code="PS" active="1"><description language="en-xx">PALESTINIAN TERRITORY, OCCUPIED</description></code><code code="PT" active="1"><description language="en-xx">PORTUGAL</description></code><code code="PW" active="1"><description language="en-xx">PALAU</description></code><code code="PY" active="1"><description language="en-xx">PARAGUAY</description></code><code code="QA" active="1"><description language="en-xx">QATAR</description></code><code code="RE" active="1"><description language="en-xx">R冘NION</description></code><code code="RO" active="1"><description language="en-xx">ROMANIA</description></code><code code="RU" active="1"><description language="en-xx">RUSSIAN FEDERATION</description></code><code code="RW" active="1"><description language="en-xx">RWANDA</description></code><code code="SA" active="1"><description language="en-xx">SAUDI ARABIA</description></code><code code="SB" active="1"><description language="en-xx">SOLOMON ISLANDS</description></code><code code="SC" active="1"><description language="en-xx">SEYCHELLES</description></code><code code="SD" active="1"><description language="en-xx">SUDAN</description></code><code code="SE" active="1"><description language="en-xx">SWEDEN</description></code><code code="SG" active="1"><description language="en-xx">SINGAPORE</description></code><code code="SH" active="1"><description language="en-xx">SAINT HELENA</description></code><code code="SI" active="1"><description language="en-xx">SLOVENIA</description></code><code code="SJ" active="1"><description language="en-xx">SVALBARD AND JAN MAYEN</description></code><code code="SK" active="1"><description language="en-xx">SLOVAKIA</description></code><code code="SL" active="1"><description language="en-xx">SIERRA LEONE</description></code><code code="SM" active="1"><description language="en-xx">SAN MARINO</description></code><code code="SN" active="1"><description language="en-xx">SENEGAL</description></code><code code="SO" active="1"><description language="en-xx">SOMALIA</description></code><code code="SR" active="1"><description language="en-xx">SURINAME</description></code><code code="ST" active="1"><description language="en-xx">SAO TOME AND PRINCIPE</description></code><code code="SV" active="1"><description language="en-xx">EL SALVADOR</description></code><code code="SY" active="1"><description language="en-xx">SYRIAN ARAB REPUBLIC</description></code><code code="SZ" active="1"><description language="en-xx">SWAZILAND</description></code><code code="TC" active="1"><description language="en-xx">TURKS AND CAICOS ISLANDS</description></code><code code="TD" active="1"><description language="en-xx">CHAD</description></code><code code="TF" active="1"><description language="en-xx">FRENCH SOUTHERN TERRITORIES</description></code><code code="TG" active="1"><description language="en-xx">TOGO</description></code><code code="TH" active="1"><description language="en-xx">THAILAND</description></code><code code="TJ" active="1"><description language="en-xx">TAJIKISTAN</description></code><code code="TK" active="1"><description language="en-xx">TOKELAU</description></code><code code="TL" active="1"><description language="en-xx">TIMOR-LESTE</description></code><code code="TM" active="1"><description language="en-xx">TURKMENISTAN</description></code><code code="TN" active="1"><description language="en-xx">TUNISIA</description></code><code code="TO" active="1"><description language="en-xx">TONGA</description></code><code code="TR" active="1"><description language="en-xx">TURKEY</description></code><code code="TT" active="1"><description language="en-xx">TRINIDAD AND TOBAGO</description></code><code code="TV" active="1"><description language="en-xx">TUVALU</description></code><code code="TW" active="1"><description language="en-xx">TAIWAN, PROVINCE OF CHINA</description></code><code code="TZ" active="1"><description language="en-xx">TANZANIA, UNITED REPUBLIC OF</description></code><code code="UA" active="1"><description language="en-xx">UKRAINE</description></code><code code="UG" active="1"><description language="en-xx">UGANDA</description></code><code code="UM" active="1"><description language="en-xx">UNITED STATES MINOR OUTLYING ISLANDS</description></code><code code="US" active="1"><description language="en-xx">UNITED STATES</description></code><code code="UY" active="1"><description language="en-xx">URUGUAY</description></code><code code="UZ" active="1"><description language="en-xx">UZBEKISTAN</description></code><code code="VA" active="1"><description language="en-xx">HOLY SEE (VATICAN CITY STATE)</description></code><code code="VC" active="1"><description language="en-xx">SAINT VINCENT AND THE GRENADINES</description></code><code code="VE" active="1"><description language="en-xx">VENEZUELA</description></code><code code="VG" active="1"><description language="en-xx">VIRGIN ISLANDS, BRITISH</description></code><code code="VI" active="1"><description language="en-xx">VIRGIN ISLANDS, U.S.</description></code><code code="VN" active="1"><description language="en-xx">VIET NAM</description></code><code code="VU" active="1"><description language="en-xx">VANUATU</description></code><code code="WF" active="1"><description language="en-xx">WALLIS AND FUTUNA</description></code><code code="WS" active="1"><description language="en-xx">SAMOA</description></code><code code="YE" active="1"><description language="en-xx">YEMEN</description></code><code code="YT" active="1"><description language="en-xx">MAYOTTE</description></code><code code="ZA" active="1"><description language="en-xx">SOUTH AFRICA</description></code><code code="ZM" active="1"><description language="en-xx">ZAMBIA</description></code><code code="ZW" active="1"><description language="en-xx">ZIMBABWE</description></code></cTable>