<?xml version="1.0" encoding="UTF-8" ?>
<cTable name="iso4217"><description language="en-xx">ISO 4217 Currency Codes (3 Char)</description><code code="AED" active="1"><description language="en-xx">United Arab Emirates, Dirhams</description></code><code code="AFA" active="1"><description language="en-xx">Afghanistan, Afghanis</description></code><code code="ALL" active="1"><description language="en-xx">Albania, Leke</description></code><code code="AMD" active="1"><description language="en-xx">Armenia, Drams</description></code><code code="ANG" active="1"><description language="en-xx">Netherlands Antilles, Guilders (also called Florins)</description></code><code code="AOA" active="1"><description language="en-xx">Angola, Kwanza</description></code><code code="ARS" active="1"><description language="en-xx">Argentina, Pesos</description></code><code code="AUD" active="1"><description language="en-xx">Australia, Dollars</description></code><code code="AWG" active="1"><description language="en-xx">Aruba, Guilders (also called Florins)</description></code><code code="AZM" active="1"><description language="en-xx">Azerbaijan, Manats</description></code><code code="BAM" active="1"><description language="en-xx">Bosnia and Herzegovina, Convertible Marka</description></code><code code="BBD" active="1"><description language="en-xx">Barbados, Dollars</description></code><code code="BDT" active="1"><description language="en-xx">Bangladesh, Taka</description></code><code code="BGN" active="1"><description language="en-xx">Bulgaria, Leva</description></code><code code="BHD" active="1"><description language="en-xx">Bahrain, Dinars</description></code><code code="BIF" active="1"><description language="en-xx">Burundi, Francs</description></code><code code="BMD" active="1"><description language="en-xx">Bermuda, Dollars</description></code><code code="BND" active="1"><description language="en-xx">Brunei Darussalam, Dollars</description></code><code code="BOB" active="1"><description language="en-xx">Bolivia, Bolivianos</description></code><code code="BRL" active="1"><description language="en-xx">Brazil, Brazil Real</description></code><code code="BSD" active="1"><description language="en-xx">Bahamas, Dollars</description></code><code code="BTN" active="1"><description language="en-xx">Bhutan, Ngultrum</description></code><code code="BWP" active="1"><description language="en-xx">Botswana, Pulas</description></code><code code="BYR" active="1"><description language="en-xx">Belarus, Rubles</description></code><code code="BZD" active="1"><description language="en-xx">Belize, Dollars</description></code><code code="CAD" active="1"><description language="en-xx">Canada, Dollars</description></code><code code="CDF" active="1"><description language="en-xx">Congo/Kinshasa, Congolese Francs</description></code><code code="CHF" active="1"><description language="en-xx">Switzerland, Francs</description></code><code code="CLP" active="1"><description language="en-xx">Chile, Pesos</description></code><code code="CNY" active="1"><description language="en-xx">China, Yuan Renminbi</description></code><code code="COP" active="1"><description language="en-xx">Colombia, Pesos</description></code><code code="CRC" active="1"><description language="en-xx">Costa Rica, Colones</description></code><code code="CSD" active="1"><description language="en-xx">Serbia, Dinars</description></code><code code="CUP" active="1"><description language="en-xx">Cuba, Pesos</description></code><code code="CVE" active="1"><description language="en-xx">Cape Verde, Escudos</description></code><code code="CYP" active="1"><description language="en-xx">Cyprus, Pounds</description></code><code code="CZK" active="1"><description language="en-xx">Czech Republic, Koruny</description></code><code code="DJF" active="1"><description language="en-xx">Djibouti, Francs</description></code><code code="DKK" active="1"><description language="en-xx">Denmark, Kroner</description></code><code code="DOP" active="1"><description language="en-xx">Dominican Republic, Pesos</description></code><code code="DZD" active="1"><description language="en-xx">Algeria, Algeria Dinars</description></code><code code="EEK" active="1"><description language="en-xx">Estonia, Krooni</description></code><code code="EGP" active="1"><description language="en-xx">Egypt, Pounds</description></code><code code="ERN" active="1"><description language="en-xx">Eritrea, Nakfa</description></code><code code="ETB" active="1"><description language="en-xx">Ethiopia, Birr</description></code><code code="EUR" active="1"><description language="en-xx">Euro Member Countries, Euro</description></code><code code="FJD" active="1"><description language="en-xx">Fiji, Dollars</description></code><code code="FKP" active="1"><description language="en-xx">Falkland Islands (Malvinas), Pounds</description></code><code code="GBP" active="1"><description language="en-xx">United Kingdom, Pounds</description></code><code code="GEL" active="1"><description language="en-xx">Georgia, Lari</description></code><code code="GGP" active="1"><description language="en-xx">Guernsey, Pounds</description></code><code code="GHC" active="1"><description language="en-xx">Ghana, Cedis</description></code><code code="GIP" active="1"><description language="en-xx">Gibraltar, Pounds</description></code><code code="GMD" active="1"><description language="en-xx">Gambia, Dalasi</description></code><code code="GNF" active="1"><description language="en-xx">Guinea, Francs</description></code><code code="GTQ" active="1"><description language="en-xx">Guatemala, Quetzales</description></code><code code="GYD" active="1"><description language="en-xx">Guyana, Dollars</description></code><code code="HKD" active="1"><description language="en-xx">Hong Kong, Dollars</description></code><code code="HNL" active="1"><description language="en-xx">Honduras, Lempiras</description></code><code code="HRK" active="1"><description language="en-xx">Croatia, Kuna</description></code><code code="HTG" active="1"><description language="en-xx">Haiti, Gourdes</description></code><code code="HUF" active="1"><description language="en-xx">Hungary, Forint</description></code><code code="IDR" active="1"><description language="en-xx">Indonesia, Rupiahs</description></code><code code="ILS" active="1"><description language="en-xx">Israel, New Shekels</description></code><code code="IMP" active="1"><description language="en-xx">Isle of Man, Pounds</description></code><code code="INR" active="1"><description language="en-xx">India, Rupees</description></code><code code="IQD" active="1"><description language="en-xx">Iraq, Dinars</description></code><code code="IRR" active="1"><description language="en-xx">Iran, Rials</description></code><code code="ISK" active="1"><description language="en-xx">Iceland, Kronur</description></code><code code="JEP" active="1"><description language="en-xx">Jersey, Pounds</description></code><code code="JMD" active="1"><description language="en-xx">Jamaica, Dollars</description></code><code code="JOD" active="1"><description language="en-xx">Jordan, Dinars</description></code><code code="JPY" active="1"><description language="en-xx">Japan, Yen</description></code><code code="KES" active="1"><description language="en-xx">Kenya, Shillings</description></code><code code="KGS" active="1"><description language="en-xx">Kyrgyzstan, Soms</description></code><code code="KHR" active="1"><description language="en-xx">Cambodia, Riels</description></code><code code="KMF" active="1"><description language="en-xx">Comoros, Francs</description></code><code code="KPW" active="1"><description language="en-xx">Korea (North), Won</description></code><code code="KRW" active="1"><description language="en-xx">Korea (South), Won</description></code><code code="KWD" active="1"><description language="en-xx">Kuwait, Dinars</description></code><code code="KYD" active="1"><description language="en-xx">Cayman Islands, Dollars</description></code><code code="KZT" active="1"><description language="en-xx">Kazakhstan, Tenge</description></code><code code="LAK" active="1"><description language="en-xx">Laos, Kips</description></code><code code="LBP" active="1"><description language="en-xx">Lebanon, Pounds</description></code><code code="LKR" active="1"><description language="en-xx">Sri Lanka, Rupees</description></code><code code="LRD" active="1"><description language="en-xx">Liberia, Dollars</description></code><code code="LSL" active="1"><description language="en-xx">Lesotho, Maloti</description></code><code code="LTL" active="1"><description language="en-xx">Lithuania, Litai</description></code><code code="LVL" active="1"><description language="en-xx">Latvia, Lati</description></code><code code="LYD" active="1"><description language="en-xx">Libya, Dinars</description></code><code code="MAD" active="1"><description language="en-xx">Morocco, Dirhams</description></code><code code="MDL" active="1"><description language="en-xx">Moldova, Lei</description></code><code code="MGA" active="1"><description language="en-xx">Madagascar, Ariary</description></code><code code="MKD" active="1"><description language="en-xx">Macedonia, Denars</description></code><code code="MMK" active="1"><description language="en-xx">Myanmar (Burma), Kyats</description></code><code code="MNT" active="1"><description language="en-xx">Mongolia, Tugriks</description></code><code code="MOP" active="1"><description language="en-xx">Macau, Patacas</description></code><code code="MRO" active="1"><description language="en-xx">Mauritania, Ouguiyas</description></code><code code="MTL" active="1"><description language="en-xx">Malta, Liri</description></code><code code="MUR" active="1"><description language="en-xx">Mauritius, Rupees</description></code><code code="MVR" active="1"><description language="en-xx">Maldives (Maldive Islands), Rufiyaa</description></code><code code="MWK" active="1"><description language="en-xx">Malawi, Kwachas</description></code><code code="MXN" active="1"><description language="en-xx">Mexico, Pesos</description></code><code code="MYR" active="1"><description language="en-xx">Malaysia, Ringgits</description></code><code code="MZM" active="1"><description language="en-xx">Mozambique, Meticais</description></code><code code="NAD" active="1"><description language="en-xx">Namibia, Dollars</description></code><code code="NGN" active="1"><description language="en-xx">Nigeria, Nairas</description></code><code code="NIO" active="1"><description language="en-xx">Nicaragua, Cordobas</description></code><code code="NOK" active="1"><description language="en-xx">Norway, Krone</description></code><code code="NPR" active="1"><description language="en-xx">Nepal, Nepal Rupees</description></code><code code="NZD" active="1"><description language="en-xx">New Zealand, Dollars</description></code><code code="OMR" active="1"><description language="en-xx">Oman, Rials</description></code><code code="PAB" active="1"><description language="en-xx">Panama, Balboa</description></code><code code="PEN" active="1"><description language="en-xx">Peru, Nuevos Soles</description></code><code code="PGK" active="1"><description language="en-xx">Papua New Guinea, Kina</description></code><code code="PHP" active="1"><description language="en-xx">Philippines, Pesos</description></code><code code="PKR" active="1"><description language="en-xx">Pakistan, Rupees</description></code><code code="PLN" active="1"><description language="en-xx">Poland, Zlotych</description></code><code code="PYG" active="1"><description language="en-xx">Paraguay, Guarani</description></code><code code="QAR" active="1"><description language="en-xx">Qatar, Rials</description></code><code code="RON" active="1"><description language="en-xx">Romania, New Lei</description></code><code code="RUB" active="1"><description language="en-xx">Russia, Rubles</description></code><code code="RWF" active="1"><description language="en-xx">Rwanda, Rwanda Francs</description></code><code code="SAR" active="1"><description language="en-xx">Saudi Arabia, Riyals</description></code><code code="SBD" active="1"><description language="en-xx">Solomon Islands, Dollars</description></code><code code="SCR" active="1"><description language="en-xx">Seychelles, Rupees</description></code><code code="SDD" active="1"><description language="en-xx">Sudan, Dinars</description></code><code code="SEK" active="1"><description language="en-xx">Sweden, Kronor</description></code><code code="SGD" active="1"><description language="en-xx">Singapore, Dollars</description></code><code code="SHP" active="1"><description language="en-xx">Saint Helena, Pounds</description></code><code code="SIT" active="1"><description language="en-xx">Slovenia, Tolars</description></code><code code="SKK" active="1"><description language="en-xx">Slovakia, Koruny</description></code><code code="SLL" active="1"><description language="en-xx">Sierra Leone, Leones</description></code><code code="SOS" active="1"><description language="en-xx">Somalia, Shillings</description></code><code code="SPL" active="1"><description language="en-xx">Seborga, Luigini</description></code><code code="SRD" active="1"><description language="en-xx">Suriname, Dollars</description></code><code code="STD" active="1"><description language="en-xx">S緌 Tome and Principe, Dobras</description></code><code code="SVC" active="1"><description language="en-xx">El Salvador, Colones</description></code><code code="SYP" active="1"><description language="en-xx">Syria, Pounds</description></code><code code="SZL" active="1"><description language="en-xx">Swaziland, Emalangeni</description></code><code code="THB" active="1"><description language="en-xx">Thailand, Baht</description></code><code code="TJS" active="1"><description language="en-xx">Tajikistan, Somoni</description></code><code code="TMM" active="1"><description language="en-xx">Turkmenistan, Manats</description></code><code code="TND" active="1"><description language="en-xx">Tunisia, Dinars</description></code><code code="TOP" active="1"><description language="en-xx">Tonga, Pa&#39;anga</description></code><code code="TRL" active="1"><description language="en-xx">Turkey, Liras [being phased out]</description></code><code code="TRY" active="1"><description language="en-xx">Turkey, New Lira</description></code><code code="TTD" active="1"><description language="en-xx">Trinidad and Tobago, Dollars</description></code><code code="TVD" active="1"><description language="en-xx">Tuvalu, Tuvalu Dollars</description></code><code code="TWD" active="1"><description language="en-xx">Taiwan, New Dollars</description></code><code code="TZS" active="1"><description language="en-xx">Tanzania, Shillings</description></code><code code="UAH" active="1"><description language="en-xx">Ukraine, Hryvnia</description></code><code code="UGX" active="1"><description language="en-xx">Uganda, Shillings</description></code><code code="USD" active="1"><description language="en-xx">US Dollars</description></code><code code="UYU" active="1"><description language="en-xx">Uruguay, Pesos</description></code><code code="UZS" active="1"><description language="en-xx">Uzbekistan, Sums</description></code><code code="VEB" active="1"><description language="en-xx">Venezuela, Bolivares</description></code><code code="VND" active="1"><description language="en-xx">Viet Nam, Dong</description></code><code code="VUV" active="1"><description language="en-xx">Vanuatu, Vatu</description></code><code code="WST" active="1"><description language="en-xx">Samoa, Tala</description></code><code code="XAF" active="1"><description language="en-xx">Communaut�Financi鋨e Africaine BEAC, Francs</description></code><code code="XAG" active="1"><description language="en-xx">Silver, Ounces</description></code><code code="XAU" active="1"><description language="en-xx">Gold, Ounces</description></code><code code="XCD" active="1"><description language="en-xx">East Caribbean Dollars</description></code><code code="XDR" active="1"><description language="en-xx">International Monetary Fund (IMF) Special Drawing Rights</description></code><code code="XOF" active="1"><description language="en-xx">Communaut�Financi鋨e Africaine BCEAO, Francs</description></code><code code="XPD" active="1"><description language="en-xx">Palladium Ounces</description></code><code code="XPF" active="1"><description language="en-xx">Comptoirs Fran蓷is du Pacifique Francs</description></code><code code="XPT" active="1"><description language="en-xx">Platinum, Ounces</description></code><code code="YER" active="1"><description language="en-xx">Yemen, Rials</description></code><code code="ZAR" active="1"><description language="en-xx">South Africa, Rand</description></code><code code="ZMK" active="1"><description language="en-xx">Zambia, Kwacha</description></code><code code="ZWD" active="1"><description language="en-xx">Zimbabwe, Zimbabwe Dollars</description></code></cTable>