<?xml version="1.0" encoding="UTF-8" ?>
<cTable name="iso6391"><description language="en-xx">ISO 639-1 Language Codes (2 Char)</description><code code="aa" active="1"><description language="en-xx">Afar</description></code><code code="ab" active="1"><description language="en-xx">Abkhazian</description></code><code code="af" active="1"><description language="en-xx">Afrikaans</description></code><code code="am" active="1"><description language="en-xx">Amharic</description></code><code code="ar" active="1"><description language="en-xx">Arabic</description></code><code code="as" active="1"><description language="en-xx">Assamese</description></code><code code="ay" active="1"><description language="en-xx">Aymara</description></code><code code="az" active="1"><description language="en-xx">Azerbaijani</description></code><code code="ba" active="1"><description language="en-xx">Bashkir</description></code><code code="be" active="1"><description language="en-xx">Byelorussian</description></code><code code="bg" active="1"><description language="en-xx">Bulgarian</description></code><code code="bh" active="1"><description language="en-xx">Bihari</description></code><code code="bi" active="1"><description language="en-xx">Bislama</description></code><code code="bn" active="1"><description language="en-xx">Bengali</description></code><code code="bo" active="1"><description language="en-xx">Tibetan</description></code><code code="br" active="1"><description language="en-xx">Breton</description></code><code code="ca" active="1"><description language="en-xx">Catalan</description></code><code code="co" active="1"><description language="en-xx">Corsican</description></code><code code="cs" active="1"><description language="en-xx">Czech</description></code><code code="cy" active="1"><description language="en-xx">Welch</description></code><code code="da" active="1"><description language="en-xx">Danish</description></code><code code="de" active="1"><description language="en-xx">German</description></code><code code="dz" active="1"><description language="en-xx">Bhutani</description></code><code code="el" active="1"><description language="en-xx">Greek</description></code><code code="en" active="1"><description language="en-xx">English</description></code><code code="eo" active="1"><description language="en-xx">Esperanto</description></code><code code="es" active="1"><description language="en-xx">Spanish</description></code><code code="et" active="1"><description language="en-xx">Estonian</description></code><code code="eu" active="1"><description language="en-xx">Basque</description></code><code code="fa" active="1"><description language="en-xx">Persian</description></code><code code="fi" active="1"><description language="en-xx">Finnish</description></code><code code="fj" active="1"><description language="en-xx">Fiji</description></code><code code="fo" active="1"><description language="en-xx">Faeroese</description></code><code code="fr" active="1"><description language="en-xx">French</description></code><code code="fy" active="1"><description language="en-xx">Frisian</description></code><code code="ga" active="1"><description language="en-xx">Irish</description></code><code code="gd" active="1"><description language="en-xx">Scots Gaelic</description></code><code code="gl" active="1"><description language="en-xx">Galician</description></code><code code="gn" active="1"><description language="en-xx">Guarani</description></code><code code="gu" active="1"><description language="en-xx">Gujarati</description></code><code code="ha" active="1"><description language="en-xx">Hausa</description></code><code code="he" active="1"><description language="en-xx">Hebrew</description></code><code code="hi" active="1"><description language="en-xx">Hindi</description></code><code code="hr" active="1"><description language="en-xx">Croatian</description></code><code code="hu" active="1"><description language="en-xx">Hungarian</description></code><code code="hy" active="1"><description language="en-xx">Armenian</description></code><code code="ia" active="1"><description language="en-xx">Interlingua</description></code><code code="id" active="1"><description language="en-xx">Indonesian</description></code><code code="ie" active="1"><description language="en-xx">Interlingue</description></code><code code="ik" active="1"><description language="en-xx">Inupiak</description></code><code code="in" active="1"><description language="en-xx">former Indonesian</description></code><code code="is" active="1"><description language="en-xx">Icelandic</description></code><code code="it" active="1"><description language="en-xx">Italian</description></code><code code="iu" active="1"><description language="en-xx">Inuktitut (Eskimo)</description></code><code code="iw" active="1"><description language="en-xx">former Hebrew</description></code><code code="ja" active="1"><description language="en-xx">Japanese</description></code><code code="ji" active="1"><description language="en-xx">former Yiddish</description></code><code code="jw" active="1"><description language="en-xx">Javanese</description></code><code code="ka" active="1"><description language="en-xx">Georgian</description></code><code code="kk" active="1"><description language="en-xx">Kazakh</description></code><code code="kl" active="1"><description language="en-xx">Greenlandic</description></code><code code="km" active="1"><description language="en-xx">Cambodian</description></code><code code="kn" active="1"><description language="en-xx">Kannada</description></code><code code="ko" active="1"><description language="en-xx">Korean</description></code><code code="ks" active="1"><description language="en-xx">Kashmiri</description></code><code code="ku" active="1"><description language="en-xx">Kurdish</description></code><code code="ky" active="1"><description language="en-xx">Kirghiz</description></code><code code="la" active="1"><description language="en-xx">Latin</description></code><code code="ln" active="1"><description language="en-xx">Lingala</description></code><code code="lo" active="1"><description language="en-xx">Laothian</description></code><code code="lt" active="1"><description language="en-xx">Lithuanian</description></code><code code="lv" active="1"><description language="en-xx">Latvian, Lettish</description></code><code code="mg" active="1"><description language="en-xx">Malagasy</description></code><code code="mi" active="1"><description language="en-xx">Maori</description></code><code code="mk" active="1"><description language="en-xx">Macedonian</description></code><code code="ml" active="1"><description language="en-xx">Malayalam</description></code><code code="mn" active="1"><description language="en-xx">Mongolian</description></code><code code="mo" active="1"><description language="en-xx">Moldavian</description></code><code code="mr" active="1"><description language="en-xx">Marathi</description></code><code code="ms" active="1"><description language="en-xx">Malay</description></code><code code="mt" active="1"><description language="en-xx">Maltese</description></code><code code="my" active="1"><description language="en-xx">Burmese</description></code><code code="na" active="1"><description language="en-xx">Nauru</description></code><code code="ne" active="1"><description language="en-xx">Nepali</description></code><code code="nl" active="1"><description language="en-xx">Dutch</description></code><code code="no" active="1"><description language="en-xx">Norwegian</description></code><code code="oc" active="1"><description language="en-xx">Occitan</description></code><code code="om" active="1"><description language="en-xx">(Afan) Oromo</description></code><code code="or" active="1"><description language="en-xx">Oriya</description></code><code code="pa" active="1"><description language="en-xx">Punjabi</description></code><code code="pl" active="1"><description language="en-xx">Polish</description></code><code code="ps" active="1"><description language="en-xx">Pashto, Pushto</description></code><code code="pt" active="1"><description language="en-xx">Portuguese</description></code><code code="qu" active="1"><description language="en-xx">Quechua</description></code><code code="rm" active="1"><description language="en-xx">Rhaeto-Romance</description></code><code code="rn" active="1"><description language="en-xx">Kirundi</description></code><code code="ro" active="1"><description language="en-xx">Romanian</description></code><code code="ru" active="1"><description language="en-xx">Russian</description></code><code code="rw" active="1"><description language="en-xx">Kinyarwanda</description></code><code code="sa" active="1"><description language="en-xx">Sanskrit</description></code><code code="sd" active="1"><description language="en-xx">Sindhi</description></code><code code="sg" active="1"><description language="en-xx">Sangro</description></code><code code="sh" active="1"><description language="en-xx">Serbo-Croatian</description></code><code code="si" active="1"><description language="en-xx">Singhalese</description></code><code code="sk" active="1"><description language="en-xx">Slovak</description></code><code code="sl" active="1"><description language="en-xx">Slovenian</description></code><code code="sm" active="1"><description language="en-xx">Samoan</description></code><code code="sn" active="1"><description language="en-xx">Shona</description></code><code code="so" active="1"><description language="en-xx">Somali</description></code><code code="sq" active="1"><description language="en-xx">Albanian</description></code><code code="sr" active="1"><description language="en-xx">Serbian</description></code><code code="ss" active="1"><description language="en-xx">Siswati</description></code><code code="st" active="1"><description language="en-xx">Sesotho</description></code><code code="su" active="1"><description language="en-xx">Sudanese</description></code><code code="sv" active="1"><description language="en-xx">Swedish</description></code><code code="sw" active="1"><description language="en-xx">Swahili</description></code><code code="ta" active="1"><description language="en-xx">Tamil</description></code><code code="te" active="1"><description language="en-xx">Tegulu</description></code><code code="tg" active="1"><description language="en-xx">Tajik</description></code><code code="th" active="1"><description language="en-xx">Thai</description></code><code code="ti" active="1"><description language="en-xx">Tigrinya</description></code><code code="tk" active="1"><description language="en-xx">Turkmen</description></code><code code="tl" active="1"><description language="en-xx">Tagalog</description></code><code code="tn" active="1"><description language="en-xx">Setswana</description></code><code code="to" active="1"><description language="en-xx">Tonga</description></code><code code="tr" active="1"><description language="en-xx">Turkish</description></code><code code="ts" active="1"><description language="en-xx">Tsonga</description></code><code code="tt" active="1"><description language="en-xx">Tatar</description></code><code code="tw" active="1"><description language="en-xx">Twi</description></code><code code="ug" active="1"><description language="en-xx">Uigur</description></code><code code="uk" active="1"><description language="en-xx">Ukrainian</description></code><code code="ur" active="1"><description language="en-xx">Urdu</description></code><code code="uz" active="1"><description language="en-xx">Uzbek</description></code><code code="vi" active="1"><description language="en-xx">Vietnamese</description></code><code code="vo" active="1"><description language="en-xx">Volapuk</description></code><code code="wo" active="1"><description language="en-xx">Wolof</description></code><code code="xh" active="1"><description language="en-xx">Xhosa</description></code><code code="yi" active="1"><description language="en-xx">Yiddish</description></code><code code="yo" active="1"><description language="en-xx">Yoruba</description></code><code code="za" active="1"><description language="en-xx">Zhuang</description></code><code code="zh" active="1"><description language="en-xx">Chinese</description></code><code code="zu" active="1"><description language="en-xx">Zulu</description></code></cTable>