<?xml version="1.0" encoding="UTF-8" ?>
<cTable name="iso6392"><description language="en-xx">ISO 639-2 Language Codes (3 Char)</description><code code="aar" active="1"><description language="en-xx">Afar</description></code><code code="abk" active="1"><description language="en-xx">Abkhazian</description></code><code code="ace" active="1"><description language="en-xx">Achinese</description></code><code code="ach" active="1"><description language="en-xx">Acoli</description></code><code code="ada" active="1"><description language="en-xx">Adangme</description></code><code code="afa" active="1"><description language="en-xx">Afro-Asiatic (Other)</description></code><code code="afh" active="1"><description language="en-xx">Afrihili</description></code><code code="afr" active="1"><description language="en-xx">Afrikaans</description></code><code code="aka" active="1"><description language="en-xx">Akan</description></code><code code="akk" active="1"><description language="en-xx">Akkadian</description></code><code code="alb" active="1"><description language="en-xx">Albanian (alb)</description></code><code code="ale" active="1"><description language="en-xx">Aleut</description></code><code code="alg" active="1"><description language="en-xx">Algonquian Languages</description></code><code code="amh" active="1"><description language="en-xx">Amharic</description></code><code code="ang" active="1"><description language="en-xx">English, Old (ca. 450-1100)</description></code><code code="apa" active="1"><description language="en-xx">Apache Languages</description></code><code code="ara" active="1"><description language="en-xx">Arabic</description></code><code code="arc" active="1"><description language="en-xx">Aramaic</description></code><code code="arm" active="1"><description language="en-xx">Armenian (arm)</description></code><code code="arn" active="1"><description language="en-xx">Araucanian</description></code><code code="arp" active="1"><description language="en-xx">Arapaho</description></code><code code="art" active="1"><description language="en-xx">Artificial (Other)</description></code><code code="arw" active="1"><description language="en-xx">Arawak</description></code><code code="asm" active="1"><description language="en-xx">Assamese</description></code><code code="ath" active="1"><description language="en-xx">Athapascan Languages</description></code><code code="ava" active="1"><description language="en-xx">Avaric</description></code><code code="ave" active="1"><description language="en-xx">Avestan</description></code><code code="awa" active="1"><description language="en-xx">Awadhi</description></code><code code="aym" active="1"><description language="en-xx">Aymara</description></code><code code="aze" active="1"><description language="en-xx">Azerbaijani</description></code><code code="bad" active="1"><description language="en-xx">Banda</description></code><code code="bai" active="1"><description language="en-xx">Bamileke Languages</description></code><code code="bak" active="1"><description language="en-xx">Bashkir</description></code><code code="bal" active="1"><description language="en-xx">Baluchi</description></code><code code="bam" active="1"><description language="en-xx">Bambara</description></code><code code="ban" active="1"><description language="en-xx">Balinese</description></code><code code="baq" active="1"><description language="en-xx">Basque (baq)</description></code><code code="bas" active="1"><description language="en-xx">Basa</description></code><code code="bat" active="1"><description language="en-xx">Baltic (Other)</description></code><code code="bej" active="1"><description language="en-xx">Beja</description></code><code code="bel" active="1"><description language="en-xx">Byelorussian</description></code><code code="bem" active="1"><description language="en-xx">Bemba</description></code><code code="ben" active="1"><description language="en-xx">Bengali</description></code><code code="ber" active="1"><description language="en-xx">Berber (Other)</description></code><code code="bho" active="1"><description language="en-xx">Bhojpuri</description></code><code code="bih" active="1"><description language="en-xx">Bihari</description></code><code code="bik" active="1"><description language="en-xx">Bikol</description></code><code code="bin" active="1"><description language="en-xx">Bini</description></code><code code="bis" active="1"><description language="en-xx">Bislama</description></code><code code="bla" active="1"><description language="en-xx">Siksika</description></code><code code="bnt" active="1"><description language="en-xx">Bantu (Other)</description></code><code code="bod" active="1"><description language="en-xx">Tibetan (bod)</description></code><code code="bra" active="1"><description language="en-xx">Braj</description></code><code code="bre" active="1"><description language="en-xx">Breton</description></code><code code="bua" active="1"><description language="en-xx">Buriat</description></code><code code="bug" active="1"><description language="en-xx">Buginese</description></code><code code="bul" active="1"><description language="en-xx">Bulgarian</description></code><code code="bur" active="1"><description language="en-xx">Burmese (bur)</description></code><code code="cad" active="1"><description language="en-xx">Caddo</description></code><code code="cai" active="1"><description language="en-xx">Central American Indian (Other)</description></code><code code="car" active="1"><description language="en-xx">Carib</description></code><code code="cat" active="1"><description language="en-xx">Catalan</description></code><code code="cau" active="1"><description language="en-xx">Caucasian (Other)</description></code><code code="ceb" active="1"><description language="en-xx">Cebuano</description></code><code code="cel" active="1"><description language="en-xx">Celtic (Other)</description></code><code code="ces" active="1"><description language="en-xx">Czech (ces)</description></code><code code="cha" active="1"><description language="en-xx">Chamorro</description></code><code code="chb" active="1"><description language="en-xx">Chibcha</description></code><code code="che" active="1"><description language="en-xx">Chechen</description></code><code code="chg" active="1"><description language="en-xx">Chagatai</description></code><code code="chi" active="1"><description language="en-xx">Chinese (chi)</description></code><code code="chm" active="1"><description language="en-xx">Mari</description></code><code code="chn" active="1"><description language="en-xx">Chinook jargon</description></code><code code="cho" active="1"><description language="en-xx">Choctaw</description></code><code code="chr" active="1"><description language="en-xx">Cherokee</description></code><code code="chu" active="1"><description language="en-xx">Church Slavic</description></code><code code="chv" active="1"><description language="en-xx">Chuvash</description></code><code code="chy" active="1"><description language="en-xx">Cheyenne</description></code><code code="cop" active="1"><description language="en-xx">Coptic</description></code><code code="cor" active="1"><description language="en-xx">Cornish</description></code><code code="cos" active="1"><description language="en-xx">Corsican</description></code><code code="cpe" active="1"><description language="en-xx">Creoles and Pidgins, English-based (Other)</description></code><code code="cpf" active="1"><description language="en-xx">Creoles and Pidgins, French-based (Other)</description></code><code code="cpp" active="1"><description language="en-xx">Creoles and Pidgins, Portuguese-based (Other)</description></code><code code="cre" active="1"><description language="en-xx">Cree</description></code><code code="crp" active="1"><description language="en-xx">Creoles and Pidgins (Other)</description></code><code code="cus" active="1"><description language="en-xx">Cushitic (Other)</description></code><code code="cym" active="1"><description language="en-xx">Welsh (cym)</description></code><code code="cze" active="1"><description language="en-xx">Czech (cze)</description></code><code code="dak" active="1"><description language="en-xx">Dakota</description></code><code code="dan" active="1"><description language="en-xx">Danish</description></code><code code="del" active="1"><description language="en-xx">Delaware</description></code><code code="deu" active="1"><description language="en-xx">German (deu)</description></code><code code="din" active="1"><description language="en-xx">Dinka</description></code><code code="div" active="1"><description language="en-xx">Divehi</description></code><code code="doi" active="1"><description language="en-xx">Dogri</description></code><code code="dra" active="1"><description language="en-xx">Dravidian (Other)</description></code><code code="dua" active="1"><description language="en-xx">Duala</description></code><code code="dum" active="1"><description language="en-xx">Dutch, Middle (ca. 1050-1350)</description></code><code code="dut" active="1"><description language="en-xx">Dutch (dut)</description></code><code code="dyu" active="1"><description language="en-xx">Dyula</description></code><code code="dzo" active="1"><description language="en-xx">Dzongkha</description></code><code code="efi" active="1"><description language="en-xx">Efik</description></code><code code="egy" active="1"><description language="en-xx">Egyptian (Ancient)</description></code><code code="eka" active="1"><description language="en-xx">Ekajuk</description></code><code code="ell" active="1"><description language="en-xx">Greek, Modern (1453-) (ell)</description></code><code code="elx" active="1"><description language="en-xx">Elamite</description></code><code code="eng" active="1"><description language="en-xx">English</description></code><code code="enm" active="1"><description language="en-xx">English, Middle (ca. 1100-1500)</description></code><code code="epo" active="1"><description language="en-xx">Esperanto</description></code><code code="esk" active="1"><description language="en-xx">Eskimo (Other)</description></code><code code="esl" active="1"><description language="en-xx">Spanish (esl)</description></code><code code="est" active="1"><description language="en-xx">Estonian</description></code><code code="eus" active="1"><description language="en-xx">Basque (eus)</description></code><code code="ewe" active="1"><description language="en-xx">Ewe</description></code><code code="ewo" active="1"><description language="en-xx">Ewondo</description></code><code code="fan" active="1"><description language="en-xx">Fang</description></code><code code="fao" active="1"><description language="en-xx">Faroese</description></code><code code="fas" active="1"><description language="en-xx">Persian (fas)</description></code><code code="fat" active="1"><description language="en-xx">Fanti</description></code><code code="fij" active="1"><description language="en-xx">Fijian</description></code><code code="fin" active="1"><description language="en-xx">Finnish</description></code><code code="fiu" active="1"><description language="en-xx">Finno-Ugrian (Other)</description></code><code code="fon" active="1"><description language="en-xx">Fon</description></code><code code="fra" active="1"><description language="en-xx">French (fra)</description></code><code code="fre" active="1"><description language="en-xx">French (fre)</description></code><code code="frm" active="1"><description language="en-xx">French, Middle (ca. 1400-1600)</description></code><code code="fro" active="1"><description language="en-xx">French, Old (842- ca. 1400)</description></code><code code="fry" active="1"><description language="en-xx">Frisian</description></code><code code="ful" active="1"><description language="en-xx">Fulah</description></code><code code="gaa" active="1"><description language="en-xx">Ga</description></code><code code="gae" active="1"><description language="en-xx">Gaelic (Scots) (gae)</description></code><code code="gai" active="1"><description language="en-xx">Irish (gai)</description></code><code code="gay" active="1"><description language="en-xx">Gayo</description></code><code code="gdh" active="1"><description language="en-xx">Gaelic (Scots) (gdh)</description></code><code code="gem" active="1"><description language="en-xx">Germanic (Other)</description></code><code code="geo" active="1"><description language="en-xx">Georgian (geo)</description></code><code code="ger" active="1"><description language="en-xx">German (ger)</description></code><code code="gez" active="1"><description language="en-xx">Geez</description></code><code code="gil" active="1"><description language="en-xx">Gilbertese</description></code><code code="glg" active="1"><description language="en-xx">Gallegan</description></code><code code="gmh" active="1"><description language="en-xx">German, Middle High (ca. 1050-1500)</description></code><code code="goh" active="1"><description language="en-xx">German, Old High (ca. 750-1050)</description></code><code code="gon" active="1"><description language="en-xx">Gondi</description></code><code code="got" active="1"><description language="en-xx">Gothic</description></code><code code="grb" active="1"><description language="en-xx">Grebo</description></code><code code="grc" active="1"><description language="en-xx">Greek, Ancient (to 1453)</description></code><code code="gre" active="1"><description language="en-xx">Greek, Modern (1453-) (gre)</description></code><code code="grn" active="1"><description language="en-xx">Guarani</description></code><code code="guj" active="1"><description language="en-xx">Gujarati</description></code><code code="hai" active="1"><description language="en-xx">Haida</description></code><code code="hau" active="1"><description language="en-xx">Hausa</description></code><code code="haw" active="1"><description language="en-xx">Hawaiian</description></code><code code="heb" active="1"><description language="en-xx">Hebrew</description></code><code code="her" active="1"><description language="en-xx">Herero</description></code><code code="hil" active="1"><description language="en-xx">Hiligaynon</description></code><code code="him" active="1"><description language="en-xx">Himachali</description></code><code code="hin" active="1"><description language="en-xx">Hindi</description></code><code code="hmo" active="1"><description language="en-xx">Hiri Motu</description></code><code code="hun" active="1"><description language="en-xx">Hungarian</description></code><code code="hup" active="1"><description language="en-xx">Hupa</description></code><code code="hye" active="1"><description language="en-xx">Armenian (hye)</description></code><code code="iba" active="1"><description language="en-xx">Iban</description></code><code code="ibo" active="1"><description language="en-xx">Igbo</description></code><code code="ice" active="1"><description language="en-xx">Icelandic (ice)</description></code><code code="ijo" active="1"><description language="en-xx">Ijo</description></code><code code="iku" active="1"><description language="en-xx">Inuktitut</description></code><code code="ilo" active="1"><description language="en-xx">Iloko</description></code><code code="ina" active="1"><description language="en-xx">Interlingua (International Auxiliary language Association)</description></code><code code="inc" active="1"><description language="en-xx">Indic (Other)</description></code><code code="ind" active="1"><description language="en-xx">Indonesian</description></code><code code="ine" active="1"><description language="en-xx">Indo-European (Other)</description></code><code code="ipk" active="1"><description language="en-xx">Inupiak</description></code><code code="ira" active="1"><description language="en-xx">Iranian (Other)</description></code><code code="iri" active="1"><description language="en-xx">Irish (iri)</description></code><code code="iro" active="1"><description language="en-xx">Iroquoian uages</description></code><code code="isl" active="1"><description language="en-xx">Icelandic (isl)</description></code><code code="ita" active="1"><description language="en-xx">Italian</description></code><code code="jav" active="1"><description language="en-xx">Javanese (jav)</description></code><code code="jaw" active="1"><description language="en-xx">Javanese (jaw)</description></code><code code="jpn" active="1"><description language="en-xx">Japanese</description></code><code code="jpr" active="1"><description language="en-xx">Judeo-Persian</description></code><code code="jrb" active="1"><description language="en-xx">Judeo-Arabic</description></code><code code="kaa" active="1"><description language="en-xx">Kara-Kalpak</description></code><code code="kab" active="1"><description language="en-xx">Kabyle</description></code><code code="kac" active="1"><description language="en-xx">Kachin</description></code><code code="kal" active="1"><description language="en-xx">Greenlandic</description></code><code code="kam" active="1"><description language="en-xx">Kamba</description></code><code code="kan" active="1"><description language="en-xx">Kannada</description></code><code code="kar" active="1"><description language="en-xx">Karen</description></code><code code="kas" active="1"><description language="en-xx">Kashmiri</description></code><code code="kat" active="1"><description language="en-xx">Georgian (kat)</description></code><code code="kau" active="1"><description language="en-xx">Kanuri</description></code><code code="kaw" active="1"><description language="en-xx">Kawi</description></code><code code="kaz" active="1"><description language="en-xx">Kazakh</description></code><code code="kha" active="1"><description language="en-xx">Khasi</description></code><code code="khi" active="1"><description language="en-xx">Khoisan (Other)</description></code><code code="khm" active="1"><description language="en-xx">Khmer</description></code><code code="kho" active="1"><description language="en-xx">Khotanese</description></code><code code="kik" active="1"><description language="en-xx">Kikuyu</description></code><code code="kin" active="1"><description language="en-xx">Kinyarwanda</description></code><code code="kir" active="1"><description language="en-xx">Kirghiz</description></code><code code="kok" active="1"><description language="en-xx">Konkani</description></code><code code="kom" active="1"><description language="en-xx">Komi</description></code><code code="kon" active="1"><description language="en-xx">Kongo</description></code><code code="kor" active="1"><description language="en-xx">Korean</description></code><code code="kpe" active="1"><description language="en-xx">Kpelle</description></code><code code="kro" active="1"><description language="en-xx">Kru</description></code><code code="kru" active="1"><description language="en-xx">Kurukh</description></code><code code="kua" active="1"><description language="en-xx">Kuanyama</description></code><code code="kum" active="1"><description language="en-xx">Kumyk</description></code><code code="kur" active="1"><description language="en-xx">Kurdish</description></code><code code="kus" active="1"><description language="en-xx">Kusaie</description></code><code code="kut" active="1"><description language="en-xx">Kutenai</description></code><code code="lad" active="1"><description language="en-xx">Ladino</description></code><code code="lah" active="1"><description language="en-xx">Lahnda</description></code><code code="lam" active="1"><description language="en-xx">Lamba</description></code><code code="lao" active="1"><description language="en-xx">Lao</description></code><code code="lat" active="1"><description language="en-xx">Latin</description></code><code code="lav" active="1"><description language="en-xx">Latvian</description></code><code code="lez" active="1"><description language="en-xx">Lezghian</description></code><code code="lin" active="1"><description language="en-xx">Lingala</description></code><code code="lit" active="1"><description language="en-xx">Lithuanian</description></code><code code="lol" active="1"><description language="en-xx">Mongo</description></code><code code="loz" active="1"><description language="en-xx">Lozi</description></code><code code="ltz" active="1"><description language="en-xx">Letzeburgesch</description></code><code code="lub" active="1"><description language="en-xx">Luba-Katanga</description></code><code code="lug" active="1"><description language="en-xx">Ganda</description></code><code code="lui" active="1"><description language="en-xx">Luiseno</description></code><code code="lun" active="1"><description language="en-xx">Lunda</description></code><code code="luo" active="1"><description language="en-xx">Luo (Kenya and Tanzania)</description></code><code code="mac" active="1"><description language="en-xx">Macedonian</description></code><code code="mad" active="1"><description language="en-xx">Madurese</description></code><code code="mag" active="1"><description language="en-xx">Magahi</description></code><code code="mah" active="1"><description language="en-xx">Marshall</description></code><code code="mai" active="1"><description language="en-xx">Maithili</description></code><code code="mak" active="1"><description language="en-xx">Makasar</description></code><code code="mal" active="1"><description language="en-xx">Malayalam</description></code><code code="man" active="1"><description language="en-xx">Mandingo</description></code><code code="mao" active="1"><description language="en-xx">Maori (mao)</description></code><code code="map" active="1"><description language="en-xx">Austronesian (Other)</description></code><code code="mar" active="1"><description language="en-xx">Marathi</description></code><code code="mas" active="1"><description language="en-xx">Masai</description></code><code code="max" active="1"><description language="en-xx">Manx</description></code><code code="may" active="1"><description language="en-xx">Malay (may)</description></code><code code="men" active="1"><description language="en-xx">Mende</description></code><code code="mga" active="1"><description language="en-xx">Irish, Middle (900 - 1200)</description></code><code code="mic" active="1"><description language="en-xx">Micmac</description></code><code code="min" active="1"><description language="en-xx">Minangkabau</description></code><code code="mis" active="1"><description language="en-xx">Miscellaneous (Other)</description></code><code code="mkh" active="1"><description language="en-xx">Mon-Kmer (Other)</description></code><code code="mlg" active="1"><description language="en-xx">Malagasy</description></code><code code="mlt" active="1"><description language="en-xx">Maltese</description></code><code code="mni" active="1"><description language="en-xx">Manipuri</description></code><code code="mno" active="1"><description language="en-xx">Manobo Languages</description></code><code code="moh" active="1"><description language="en-xx">Mohawk</description></code><code code="mol" active="1"><description language="en-xx">Moldavian</description></code><code code="mon" active="1"><description language="en-xx">Mongolian</description></code><code code="mos" active="1"><description language="en-xx">Mossi</description></code><code code="mri" active="1"><description language="en-xx">Maori (mri)</description></code><code code="msa" active="1"><description language="en-xx">Malay (msa)</description></code><code code="mul" active="1"><description language="en-xx">Multiple Languages</description></code><code code="mun" active="1"><description language="en-xx">Munda Languages</description></code><code code="mus" active="1"><description language="en-xx">Creek</description></code><code code="mwr" active="1"><description language="en-xx">Marwari</description></code><code code="mya" active="1"><description language="en-xx">Burmese (mya)</description></code><code code="myn" active="1"><description language="en-xx">Mayan Languages</description></code><code code="nah" active="1"><description language="en-xx">Aztec</description></code><code code="nai" active="1"><description language="en-xx">North American Indian (Other)</description></code><code code="nau" active="1"><description language="en-xx">Nauru</description></code><code code="nav" active="1"><description language="en-xx">Navajo</description></code><code code="nbl" active="1"><description language="en-xx">Ndebele, South</description></code><code code="nde" active="1"><description language="en-xx">Ndebele, North</description></code><code code="ndo" active="1"><description language="en-xx">Ndongo</description></code><code code="nep" active="1"><description language="en-xx">Nepali</description></code><code code="new" active="1"><description language="en-xx">Newari</description></code><code code="nic" active="1"><description language="en-xx">Niger-Kordofanian (Other)</description></code><code code="niu" active="1"><description language="en-xx">Niuean</description></code><code code="nla" active="1"><description language="en-xx">Dutch (nla)</description></code><code code="nno" active="1"><description language="en-xx">Norwegian (Nynorsk)</description></code><code code="non" active="1"><description language="en-xx">Norse, Old</description></code><code code="nor" active="1"><description language="en-xx">Norwegian</description></code><code code="nso" active="1"><description language="en-xx">Sotho, Northern</description></code><code code="nub" active="1"><description language="en-xx">Nubian Languages</description></code><code code="nya" active="1"><description language="en-xx">Nyanja</description></code><code code="nym" active="1"><description language="en-xx">Nyamwezi</description></code><code code="nyn" active="1"><description language="en-xx">Nyankole</description></code><code code="nyo" active="1"><description language="en-xx">Nyoro</description></code><code code="nzi" active="1"><description language="en-xx">Nzima</description></code><code code="oci" active="1"><description language="en-xx">Occitan</description></code><code code="oji" active="1"><description language="en-xx">Ojibwa</description></code><code code="ori" active="1"><description language="en-xx">Oriya</description></code><code code="orm" active="1"><description language="en-xx">Oromo</description></code><code code="osa" active="1"><description language="en-xx">Osage</description></code><code code="oss" active="1"><description language="en-xx">Ossetic</description></code><code code="ota" active="1"><description language="en-xx">Turkish, Ottoman (1500 - 1928)</description></code><code code="oto" active="1"><description language="en-xx">Otomian Languages</description></code><code code="paa" active="1"><description language="en-xx">Papuan-Australian (Other)</description></code><code code="pag" active="1"><description language="en-xx">Pangasinan</description></code><code code="pal" active="1"><description language="en-xx">Pahlavi</description></code><code code="pam" active="1"><description language="en-xx">Pampanga</description></code><code code="pan" active="1"><description language="en-xx">Panjabi</description></code><code code="pap" active="1"><description language="en-xx">Papiamento</description></code><code code="pau" active="1"><description language="en-xx">Palauan</description></code><code code="peo" active="1"><description language="en-xx">Persian, Old (ca 600 - 400 B.C.)</description></code><code code="per" active="1"><description language="en-xx">Persian (per)</description></code><code code="phn" active="1"><description language="en-xx">Phoenician</description></code><code code="pli" active="1"><description language="en-xx">Pali</description></code><code code="pol" active="1"><description language="en-xx">Polish</description></code><code code="pon" active="1"><description language="en-xx">Ponape</description></code><code code="por" active="1"><description language="en-xx">Portuguese</description></code><code code="pra" active="1"><description language="en-xx">Prakrit uages</description></code><code code="pro" active="1"><description language="en-xx">Provencal, Old (to 1500)</description></code><code code="pus" active="1"><description language="en-xx">Pushto</description></code><code code="que" active="1"><description language="en-xx">Quechua</description></code><code code="raj" active="1"><description language="en-xx">Rajasthani</description></code><code code="rar" active="1"><description language="en-xx">Rarotongan</description></code><code code="roa" active="1"><description language="en-xx">Romance (Other)</description></code><code code="roh" active="1"><description language="en-xx">Rhaeto-Romance</description></code><code code="rom" active="1"><description language="en-xx">Romany</description></code><code code="ron" active="1"><description language="en-xx">Romanian (ron)</description></code><code code="rum" active="1"><description language="en-xx">Romanian (rum)</description></code><code code="run" active="1"><description language="en-xx">Rundi</description></code><code code="rus" active="1"><description language="en-xx">Russian</description></code><code code="sad" active="1"><description language="en-xx">Sandawe</description></code><code code="sag" active="1"><description language="en-xx">Sango</description></code><code code="sah" active="1"><description language="en-xx">Yakut</description></code><code code="sai" active="1"><description language="en-xx">South American Indian (Other)</description></code><code code="sal" active="1"><description language="en-xx">Salishan Languages</description></code><code code="sam" active="1"><description language="en-xx">Samaritan Aramaic</description></code><code code="san" active="1"><description language="en-xx">Sanskrit</description></code><code code="sco" active="1"><description language="en-xx">Scots</description></code><code code="scr" active="1"><description language="en-xx">Serbo-Croatian</description></code><code code="sel" active="1"><description language="en-xx">Selkup</description></code><code code="sem" active="1"><description language="en-xx">Semitic (Other)</description></code><code code="sga" active="1"><description language="en-xx">Irish, Old (to 900)</description></code><code code="shn" active="1"><description language="en-xx">Shan</description></code><code code="sid" active="1"><description language="en-xx">Sidamo</description></code><code code="sin" active="1"><description language="en-xx">Singhalese</description></code><code code="sio" active="1"><description language="en-xx">Siouan Languages</description></code><code code="sit" active="1"><description language="en-xx">Sino-Tibetan (Other)</description></code><code code="sla" active="1"><description language="en-xx">Slavic (Other)</description></code><code code="slk" active="1"><description language="en-xx">Slovak (slk)</description></code><code code="slo" active="1"><description language="en-xx">Slovak (slo)</description></code><code code="slv" active="1"><description language="en-xx">Slovenian</description></code><code code="smi" active="1"><description language="en-xx">Sami Languages</description></code><code code="smo" active="1"><description language="en-xx">Samoan</description></code><code code="sna" active="1"><description language="en-xx">Shona</description></code><code code="snd" active="1"><description language="en-xx">Sindhi</description></code><code code="sog" active="1"><description language="en-xx">Sogdian</description></code><code code="som" active="1"><description language="en-xx">Somali</description></code><code code="son" active="1"><description language="en-xx">Songhai</description></code><code code="sot" active="1"><description language="en-xx">Sotho, Southern</description></code><code code="spa" active="1"><description language="en-xx">Spanish (spa)</description></code><code code="sqi" active="1"><description language="en-xx">Albanian (sqi)</description></code><code code="srd" active="1"><description language="en-xx">Sardinian</description></code><code code="srr" active="1"><description language="en-xx">Serer</description></code><code code="ssa" active="1"><description language="en-xx">Nilo-Saharan (Other)</description></code><code code="ssw" active="1"><description language="en-xx">Siswant</description></code><code code="suk" active="1"><description language="en-xx">Sukuma</description></code><code code="sun" active="1"><description language="en-xx">Sudanese</description></code><code code="sus" active="1"><description language="en-xx">Susu</description></code><code code="sux" active="1"><description language="en-xx">Sumerian</description></code><code code="sve" active="1"><description language="en-xx">Swedish (sve)</description></code><code code="swa" active="1"><description language="en-xx">Swahili</description></code><code code="swe" active="1"><description language="en-xx">Swedish (swe)</description></code><code code="syr" active="1"><description language="en-xx">Syriac</description></code><code code="tah" active="1"><description language="en-xx">Tahitian</description></code><code code="tam" active="1"><description language="en-xx">Tamil</description></code><code code="tat" active="1"><description language="en-xx">Tatar</description></code><code code="tel" active="1"><description language="en-xx">Telugu</description></code><code code="tem" active="1"><description language="en-xx">Timne</description></code><code code="ter" active="1"><description language="en-xx">Tereno</description></code><code code="tgk" active="1"><description language="en-xx">Tajik</description></code><code code="tgl" active="1"><description language="en-xx">Tagalog</description></code><code code="tha" active="1"><description language="en-xx">Thai</description></code><code code="tib" active="1"><description language="en-xx">Tibetan (tib)</description></code><code code="tig" active="1"><description language="en-xx">Tigre</description></code><code code="tir" active="1"><description language="en-xx">Tigrinya</description></code><code code="tiv" active="1"><description language="en-xx">Tivi</description></code><code code="tli" active="1"><description language="en-xx">Tlingit</description></code><code code="tmh" active="1"><description language="en-xx">Tamashek</description></code><code code="tog" active="1"><description language="en-xx">Tonga (Nyasa)</description></code><code code="ton" active="1"><description language="en-xx">Tonga (Tonga Islands)</description></code><code code="tru" active="1"><description language="en-xx">Truk</description></code><code code="tsi" active="1"><description language="en-xx">Tsimshian</description></code><code code="tsn" active="1"><description language="en-xx">Tswana</description></code><code code="tso" active="1"><description language="en-xx">Tsonga</description></code><code code="tuk" active="1"><description language="en-xx">Turkmen</description></code><code code="tum" active="1"><description language="en-xx">Tumbuka</description></code><code code="tur" active="1"><description language="en-xx">Turkish</description></code><code code="tut" active="1"><description language="en-xx">Altaic (Other)</description></code><code code="twi" active="1"><description language="en-xx">Twi</description></code><code code="tyv" active="1"><description language="en-xx">Tuvinian</description></code><code code="uga" active="1"><description language="en-xx">Ugaritic</description></code><code code="uig" active="1"><description language="en-xx">Uighur</description></code><code code="ukr" active="1"><description language="en-xx">Ukrainian</description></code><code code="umb" active="1"><description language="en-xx">Umbundu</description></code><code code="und" active="1"><description language="en-xx">Undetermined</description></code><code code="urd" active="1"><description language="en-xx">Urdu</description></code><code code="uzb" active="1"><description language="en-xx">Uzbek</description></code><code code="vai" active="1"><description language="en-xx">Vai</description></code><code code="ven" active="1"><description language="en-xx">Venda</description></code><code code="vie" active="1"><description language="en-xx">Vietnamese</description></code><code code="vol" active="1"><description language="en-xx">Volap</description></code><code code="vot" active="1"><description language="en-xx">Votic</description></code><code code="wak" active="1"><description language="en-xx">Wakashan Languages</description></code><code code="wal" active="1"><description language="en-xx">Walamo</description></code><code code="war" active="1"><description language="en-xx">Waray</description></code><code code="was" active="1"><description language="en-xx">Washo</description></code><code code="wel" active="1"><description language="en-xx">Welsh (wel)</description></code><code code="wen" active="1"><description language="en-xx">Sorbian Languages</description></code><code code="wol" active="1"><description language="en-xx">Wolof</description></code><code code="xho" active="1"><description language="en-xx">Xhosa</description></code><code code="yao" active="1"><description language="en-xx">Yao</description></code><code code="yap" active="1"><description language="en-xx">Yap</description></code><code code="yid" active="1"><description language="en-xx">Yiddish</description></code><code code="yor" active="1"><description language="en-xx">Yoruba</description></code><code code="zap" active="1"><description language="en-xx">Zapotec</description></code><code code="zen" active="1"><description language="en-xx">Zenaga</description></code><code code="zha" active="1"><description language="en-xx">Zhuang</description></code><code code="zho" active="1"><description language="en-xx">Chinese (zho)</description></code><code code="zul" active="1"><description language="en-xx">Zulu</description></code><code code="zun" active="1"><description language="en-xx">Zuni</description></code></cTable>