<?xml version="1.0" encoding="UTF-8" ?>
<cTable name="ocategory"><description language="en-xx">Offer Category</description><code code="ALACARTE" active="1"><description language="en-xx">A La Carte</description></code><code code="HARDWAREOFFER" active="1"><description language="en-xx">Equipment</description></code><code code="INSTALL" active="1"><description language="en-xx">Installation</description></code><code code="OPTIONALPACKAGE" active="1"><description language="en-xx">Optional Package</description></code><code code="PLAN" active="1"><description language="en-xx">Plan</description></code><code code="PPV" active="1"><description language="en-xx">PPV</description></code><code code="ROOT" active="1"><description language="en-xx">Service</description></code></cTable>