<?xml version="1.0" encoding="UTF-8" ?>
<cTable name="provState_CA"><description language="en-xx">Provinces (Canada)</description><code code="AB" active="1"><description language="en-xx">Alberta</description></code><code code="BC" active="1"><description language="en-xx">British Columbia</description></code><code code="MB" active="1"><description language="en-xx">Manitoba</description></code><code code="NB" active="1"><description language="en-xx">New Brunswick</description></code><code code="NL" active="1"><description language="en-xx">Newfoundland and Labrador</description></code><code code="NS" active="1"><description language="en-xx">Nova Scotia</description></code><code code="NT" active="1"><description language="en-xx">Northwest Territories</description></code><code code="NU" active="1"><description language="en-xx">Nunavut</description></code><code code="ON" active="1"><description language="en-xx">Ontario</description></code><code code="PE" active="1"><description language="en-xx">Prince Edward Island</description></code><code code="QC" active="1"><description language="en-xx">Quebec</description></code><code code="SK" active="1"><description language="en-xx">Saskatchewan</description></code><code code="YT" active="1"><description language="en-xx">Yukon</description></code></cTable>