<?xml version="1.0" encoding="UTF-8" ?>
<cTable name="provState_US"><description language="en-xx">States (USA)</description><code code="AK" active="1"><description language="en-xx">Alaska</description></code><code code="AL" active="1"><description language="en-xx">Alabama</description></code><code code="AR" active="1"><description language="en-xx">Arkansas</description></code><code code="AZ" active="1"><description language="en-xx">Arizona</description></code><code code="CA" active="1"><description language="en-xx">California</description></code><code code="CO" active="1"><description language="en-xx">Colorado</description></code><code code="CT" active="1"><description language="en-xx">Connecticut</description></code><code code="DC" active="1"><description language="en-xx">District of Columbia</description></code><code code="DE" active="1"><description language="en-xx">Delaware</description></code><code code="FL" active="1"><description language="en-xx">Florida</description></code><code code="GA" active="1"><description language="en-xx">Georgia</description></code><code code="HI" active="1"><description language="en-xx">Hawaii</description></code><code code="IA" active="1"><description language="en-xx">Iowa</description></code><code code="ID" active="1"><description language="en-xx">Idaho</description></code><code code="IL" active="1"><description language="en-xx">Illinois</description></code><code code="IN" active="1"><description language="en-xx">Indiana</description></code><code code="KS" active="1"><description language="en-xx">Kansas</description></code><code code="KY" active="1"><description language="en-xx">Kentucky</description></code><code code="LA" active="1"><description language="en-xx">Louisiana</description></code><code code="MA" active="1"><description language="en-xx">Massachusetts</description></code><code code="MD" active="1"><description language="en-xx">Maryland</description></code><code code="ME" active="1"><description language="en-xx">Maine</description></code><code code="MI" active="1"><description language="en-xx">Michigan</description></code><code code="MN" active="1"><description language="en-xx">Minnesota</description></code><code code="MO" active="1"><description language="en-xx">Missouri</description></code><code code="MS" active="1"><description language="en-xx">Mississippi</description></code><code code="MT" active="1"><description language="en-xx">Montana</description></code><code code="NC" active="1"><description language="en-xx">North Carolina</description></code><code code="ND" active="1"><description language="en-xx">North Dakota</description></code><code code="NE" active="1"><description language="en-xx">Nebraska</description></code><code code="NH" active="1"><description language="en-xx">New Hampshire</description></code><code code="NJ" active="1"><description language="en-xx">New Jersey</description></code><code code="NM" active="1"><description language="en-xx">New Mexico</description></code><code code="NV" active="1"><description language="en-xx">Nevada</description></code><code code="NY" active="1"><description language="en-xx">New York</description></code><code code="OH" active="1"><description language="en-xx">Ohio</description></code><code code="OK" active="1"><description language="en-xx">Oklahoma</description></code><code code="OR" active="1"><description language="en-xx">Oregon</description></code><code code="PA" active="1"><description language="en-xx">Pennsylvania</description></code><code code="RI" active="1"><description language="en-xx">Rhode Island</description></code><code code="SC" active="1"><description language="en-xx">South Carolina</description></code><code code="SD" active="1"><description language="en-xx">South Dakota</description></code><code code="TN" active="1"><description language="en-xx">Tennessee</description></code><code code="TX" active="1"><description language="en-xx">Texas</description></code><code code="UT" active="1"><description language="en-xx">Utah</description></code><code code="VA" active="1"><description language="en-xx">Virginia</description></code><code code="VT" active="1"><description language="en-xx">Vermont</description></code><code code="WA" active="1"><description language="en-xx">Washington</description></code><code code="WI" active="1"><description language="en-xx">Wisconsin</description></code><code code="WV" active="1"><description language="en-xx">West Virginia</description></code><code code="WY" active="1"><description language="en-xx">Wyoming</description></code></cTable>