<?xml version="1.0" encoding="UTF-8" ?>
<cTable name="provState_AU"><description language="en-xx">States and Territories(Australia)</description><code code="AAT" active="1"><description language="en-xx">Australian Antarctic Territory</description></code><code code="ACT" active="1"><description language="en-xx">Australian Capital Territory</description></code><code code="AT" active="1"><description language="en-xx">Ashmore and Cartier Islands</description></code><code code="CR" active="1"><description language="en-xx">Coral Sea Islands</description></code><code code="HM" active="1"><description language="en-xx">Heard Island and McDonald Islands</description></code><code code="JBT" active="1"><description language="en-xx">Jervis Bay Territory</description></code><code code="NSW" active="1"><description language="en-xx">New South Wales</description></code><code code="NT" active="1"><description language="en-xx">Northern Territory</description></code><code code="QLD" active="1"><description language="en-xx">Queensland</description></code><code code="SA" active="1"><description language="en-xx">South Australia</description></code><code code="TAS" active="1"><description language="en-xx">Tasmania</description></code><code code="VIC" active="1"><description language="en-xx">Victoria</description></code><code code="WA" active="1"><description language="en-xx">Western Australia</description></code></cTable>