<?xml version="1.0" encoding="UTF-8" ?>
<cTable name="pscm_productFamily"><description language="en-xx">pscm_productFamily</description><code code="Internet" active="1"><description language="en-xx">Internet</description></code><code code="Mobile" active="1"><description language="en-xx">Mobile</description></code><code code="Security" active="1"><description language="en-xx">Security</description></code><code code="Telephony" active="1"><description language="en-xx">Telephony</description></code><code code="Television" active="1"><description language="en-xx">Television</description></code></cTable>