<?xml version="1.0" encoding="UTF-8" ?>
<cTable name="pscm_characteristicType"><description language="en-xx">pscm_characteristicType</description><code code="Definition" active="1"><description language="en-xx">Definition</description></code><code code="ProviderResource" active="1"><description language="en-xx">ProviderResource</description></code><code code="SystemResource" active="1"><description language="en-xx">SystemResource</description></code><code code="UserResource" active="1"><description language="en-xx">UserResource</description></code></cTable>