<?xml version="1.0" encoding="UTF-8" ?>
<cTable name="pscm_holiday"><description language="en-xx">pscm_holiday</description><code code="$COBA/coba/entity/holiday/data/BoxingDay" active="1"><description language="en-xx">BoxingDay</description></code><code code="$COBA/coba/entity/holiday/data/CanadaDay" active="1"><description language="en-xx">CanadaDay</description></code><code code="$COBA/coba/entity/holiday/data/ChristmasDay" active="1"><description language="en-xx">ChristmasDay</description></code><code code="$COBA/coba/entity/holiday/data/CivicHoliday" active="1"><description language="en-xx">CivicHoliday</description></code><code code="$COBA/coba/entity/holiday/data/EasterMonday" active="1"><description language="en-xx">EasterMonday</description></code><code code="$COBA/coba/entity/holiday/data/FamilyDay" active="1"><description language="en-xx">FamilyDay</description></code><code code="$COBA/coba/entity/holiday/data/GoodFriday" active="1"><description language="en-xx">GoodFriday</description></code><code code="$COBA/coba/entity/holiday/data/LabourDay" active="1"><description language="en-xx">LabourDay</description></code><code code="$COBA/coba/entity/holiday/data/NewYearDay" active="1"><description language="en-xx">NewYearDay</description></code><code code="$COBA/coba/entity/holiday/data/Thanksgiving" active="1"><description language="en-xx">Thanksgiving</description></code><code code="$COBA/coba/entity/holiday/data/VictoriaDay" active="1"><description language="en-xx">VictoriaDay</description></code></cTable>