<?xml version="1.0" encoding="UTF-8" ?>
<cTable name="pscm_productSubtype"><description language="en-xx">pscm_productSubtype</description><code code="App" active="1"><description language="en-xx">App</description></code><code code="Channel" active="1"><description language="en-xx">Channel</description></code><code code="Channel Package" active="1"><description language="en-xx">Channel Package</description></code><code code="Community" active="1"><description language="en-xx">Community</description></code><code code="FAF" active="1"><description language="en-xx">FAF</description></code><code code="Feature" active="1"><description language="en-xx">Feature</description></code><code code="International" active="1"><description language="en-xx">International</description></code><code code="Internet" active="1"><description language="en-xx">Internet</description></code><code code="MMS" active="1"><description language="en-xx">MMS</description></code><code code="SMS" active="1"><description language="en-xx">SMS</description></code><code code="Security" active="1"><description language="en-xx">Security</description></code><code code="Social Media" active="1"><description language="en-xx">Social Media</description></code><code code="Voice Line" active="1"><description language="en-xx">Voice Line</description></code></cTable>