<?xml version="1.0" encoding="UTF-8" ?>
<cTable name="pscm_offerType"><description language="en-xx">pscm_offerType</description><code code="Add-on" active="1"><description language="en-xx">Add-on</description></code><code code="Discount" active="1"><description language="en-xx">Discount</description></code><code code="Equipment" active="1"><description language="en-xx">Equipment</description></code><code code="Feature" active="1"><description language="en-xx">Feature</description></code><code code="Gift" active="1"><description language="en-xx">Gift</description></code><code code="Plan" active="1"><description language="en-xx">Plan</description></code><code code="Product" active="1"><description language="en-xx">Product</description></code><code code="Promotion" active="1"><description language="en-xx">Promotion</description></code><code code="Retention" active="1"><description language="en-xx">Retention</description></code><code code="Tasting" active="1"><description language="en-xx">Tasting</description></code></cTable>