<?xml version="1.0" encoding="UTF-8" ?>
<cTable name="pscm_dayOfWeekEvery"><description language="en-xx">pscm_dayOfWeekEvery</description><code code="-1" active="1"><description language="en-xx">last</description></code><code code="1" active="1"><description language="en-xx">first</description></code><code code="2" active="1"><description language="en-xx">second</description></code><code code="3" active="1"><description language="en-xx">third</description></code><code code="4" active="1"><description language="en-xx">fourth</description></code></cTable>