<?xml version="1.0" encoding="UTF-8" ?>
<cTable name="pscm_tariffType"><description language="en-xx">pscm_tariffType</description><code code="QoS" active="1"><description language="en-xx">QoS</description></code><code code="tariffTime" active="1"><description language="en-xx">tariffTime</description></code><code code="tariffZone" active="1"><description language="en-xx">tariffZone</description></code><code code="tariffZoneDest" active="1"><description language="en-xx">tariffZoneDest</description></code><code code="tariffZoneOrigin" active="1"><description language="en-xx">tariffZoneOrigin</description></code></cTable>