<?xml version="1.0" encoding="UTF-8" ?>
<cTable name="pscm_specialDay"><description language="en-xx">pscm_specialDay</description><code code="$COBA/coba/entity/specialDay/data/Anniversary" active="1"><description language="en-xx">Anniversary</description></code><code code="$COBA/coba/entity/specialDay/data/Birthday" active="1"><description language="en-xx">Birthday</description></code><code code="$COBA/coba/entity/specialDay/data/FatherDay" active="1"><description language="en-xx">FatherDay</description></code><code code="$COBA/coba/entity/specialDay/data/GuyFawkesNight" active="1"><description language="en-xx">GuyFawkesNight</description></code><code code="$COBA/coba/entity/specialDay/data/Halloween" active="1"><description language="en-xx">Halloween</description></code><code code="$COBA/coba/entity/specialDay/data/MotherDay" active="1"><description language="en-xx">MotherDay</description></code><code code="$COBA/coba/entity/specialDay/data/NationalBossDay" active="1"><description language="en-xx">NationalBossDay</description></code><code code="$COBA/coba/entity/specialDay/data/SecretaryDay" active="1"><description language="en-xx">SecretaryDay</description></code><code code="$COBA/coba/entity/specialDay/data/StPatricksDay" active="1"><description language="en-xx">StPatricksDay</description></code><code code="$COBA/coba/entity/specialDay/data/StValentine" active="1"><description language="en-xx">StValentine</description></code></cTable>