<?xml version="1.0" encoding="UTF-8" ?>
<cTable name="pscm_recurrenceFrequency"><description language="en-xx">pscm_recurrenceFrequency</description><code code="DAILY" active="1"><description language="en-xx">DAILY</description></code><code code="MONTHLY" active="1"><description language="en-xx">MONTHLY</description></code><code code="WEEKLY" active="1"><description language="en-xx">WEEKLY</description></code><code code="YEARLY" active="1"><description language="en-xx">YEARLY</description></code></cTable>