<?xml version="1.0" encoding="UTF-8" ?>
<cTable name="pscm_offerTermUOM"><description language="en-xx">pscm_offerTermUOM</description><code code="day" active="1"><description language="en-xx">day</description></code><code code="hour" active="1"><description language="en-xx">hour</description></code><code code="month" active="1"><description language="en-xx">month</description></code><code code="week" active="1"><description language="en-xx">week</description></code><code code="year" active="1"><description language="en-xx">year</description></code></cTable>