<?xml version="1.0" encoding="UTF-8" ?>
<cTable name="pscm_offerSubtype"><description language="en-xx">pscm_offerSubtype</description><code code="Bundle" active="1"><description language="en-xx">Bundle</description></code><code code="Channel" active="1"><description language="en-xx">Channel</description></code><code code="Channel Package" active="1"><description language="en-xx">Channel Package</description></code><code code="Data" active="1"><description language="en-xx">Data</description></code><code code="MMS" active="1"><description language="en-xx">MMS</description></code><code code="SMS" active="1"><description language="en-xx">SMS</description></code><code code="Security" active="1"><description language="en-xx">Security</description></code><code code="Voice" active="1"><description language="en-xx">Voice</description></code></cTable>