<?xml version="1.0" encoding="UTF-8" ?>
<cTable name="pscm_productTechnology"><description language="en-xx">pscm_productTechnology</description><code code="1G-analog" active="1"><description language="en-xx">1G-analog</description></code><code code="2G-GSM" active="1"><description language="en-xx">2G-GSM</description></code><code code="3G-UTMS" active="1"><description language="en-xx">3G-UTMS</description></code><code code="4G-LTE" active="1"><description language="en-xx">4G-LTE</description></code><code code="GPRS" active="1"><description language="en-xx">GPRS</description></code></cTable>