<?xml version="1.0" encoding="UTF-8" ?>
<cTable name="pscm_relationType"><description language="en-xx">pscm_relationType</description><code code="CustomerFacingServiceSpecs" active="1"><description language="en-xx">CustomerFacingServiceSpecs</description></code><code code="ProductOfferings" active="1"><description language="en-xx">ProductOfferings</description></code><code code="ProductSpecifications" active="1"><description language="en-xx">ProductSpecifications</description></code><code code="ResourceFacingServiceSpecs" active="1"><description language="en-xx">ResourceFacingServiceSpecs</description></code><code code="ResourceSpecifications" active="1"><description language="en-xx">ResourceSpecifications</description></code></cTable>