<?xml version="1.0" encoding="UTF-8" ?>
<cTable name="pscm_resourceSubtype"><description language="en-xx">pscm_resourceSubtype</description><code code="phone number" active="1"><description language="en-xx">phone number</description></code><code code="property" active="1"><description language="en-xx">property</description></code><code code="serial number" active="1"><description language="en-xx">serial number</description></code><code code="subscriber data" active="1"><description language="en-xx">subscriber data</description></code></cTable>