<?xml version="1.0" encoding="UTF-8" ?>
<cTable name="pscm_UOMUnits"><description language="en-xx">pscm_UOMUnits</description><code code="GBs" active="1"><description language="en-xx">GBs</description></code><code code="Hours" active="1"><description language="en-xx">Hours</description></code><code code="KBs" active="1"><description language="en-xx">KBs</description></code><code code="MBs" active="1"><description language="en-xx">MBs</description></code><code code="MMS" active="1"><description language="en-xx">MMS</description></code><code code="Minutes" active="1"><description language="en-xx">Minutes</description></code><code code="Months" active="1"><description language="en-xx">Months</description></code><code code="SMS" active="1"><description language="en-xx">SMS</description></code><code code="Seconds" active="1"><description language="en-xx">Seconds</description></code><code code="Years" active="1"><description language="en-xx">Years</description></code></cTable>