<?xml version="1.0" encoding="UTF-8" ?>
<cTable name="pscm_offerPricingStyle"><description language="en-xx">pscm_offerPricingStyle</description><code code="FlatRate" active="1"><description language="en-xx">FlatRate</description></code><code code="FlatUsage" active="1"><description language="en-xx">FlatUsage</description></code><code code="None" active="1"><description language="en-xx">None</description></code><code code="PerUse" active="1"><description language="en-xx">PerUse</description></code><code code="Purchase" active="1"><description language="en-xx">Purchase</description></code><code code="Term" active="1"><description language="en-xx">Term</description></code></cTable>