<?xml version="1.0" encoding="UTF-8" ?>
<cTable name="pscm_productType"><description language="en-xx">pscm_productType</description><code code="Accessory" active="1"><description language="en-xx">Accessory</description></code><code code="Activation" active="1"><description language="en-xx">Activation</description></code><code code="Directory List" active="1"><description language="en-xx">Directory List</description></code><code code="Equipment" active="1"><description language="en-xx">Equipment</description></code><code code="Gift" active="1"><description language="en-xx">Gift</description></code><code code="Plan" active="1"><description language="en-xx">Plan</description></code><code code="Service" active="1"><description language="en-xx">Service</description></code><code code="Subscription" active="1"><description language="en-xx">Subscription</description></code><code code="Techician" active="1"><description language="en-xx">Techician</description></code><code code="Warranty" active="1"><description language="en-xx">Warranty</description></code></cTable>