<?xml version="1.0" encoding="UTF-8" ?>
<cTable name="specificationSubtype"><description language="en-xx">specificationSubtype</description><code code="pscm_characteristicType" active="1"><description language="en-xx">pscm_characteristicType</description></code><code code="pscm_offerType" active="1"><description language="en-xx">pscm_offerType</description></code><code code="pscm_productType" active="1"><description language="en-xx">pscm_productType</description></code><code code="pscm_resourceType" active="1"><description language="en-xx">pscm_resourceType</description></code></cTable>