<?xml version="1.0" encoding="UTF-8" ?>
<cTable name="specificationType"><description language="en-xx">specificationType</description><code code="BusinessInteraction" active="1"><description language="en-xx">Business Interaction</description></code><code code="CharacteristicSpecification" active="1"><description language="en-xx">Characteristic Specification</description></code><code code="CustomerFacingServiceSpec" active="1"><description language="en-xx">Customer Facing Service Specification</description></code><code code="ExtendedLogicAlgorithm" active="1"><description language="en-xx">Extended Logic Algorithm</description></code><code code="ExtendedLogicAlgorithmSpec" active="1"><description language="en-xx">Extended Logic Algorithm Specification</description></code><code code="PriceLogicAlgorithm" active="1"><description language="en-xx">Price Logic Algorithm</description></code><code code="PriceLogicAlgorithmSpec" active="1"><description language="en-xx">Price Logic Algorithm Specification</description></code><code code="ProductAccountSpec" active="1"><description language="en-xx">Product Account Specification</description></code><code code="ProductOffering" active="1"><description language="en-xx">Product Offering</description></code><code code="ProductOfferingPrice" active="1"><description language="en-xx">Product Offering Price</description></code><code code="ProductSpecification" active="1"><description language="en-xx">Product Specification</description></code><code code="RecurrenceSpecification" active="1"><description language="en-xx">Recurrence Specification</description></code><code code="ResourceFacingServiceSpec" active="1"><description language="en-xx">Resource Facing Service Specification</description></code><code code="ResourceSpecification" active="1"><description language="en-xx">Resource Specification</description></code></cTable>